,PCT,CRIME,2000,2001,2002,2003,2004,2005,2006,2007,2008,2009,2010,2011,2012,2013,2014,2015
0,1,FELONY POSSESSION STOLEN PROPERTY            ,13.0,14.0,8.0,7.0,4.0,6.0,3.0,13.0,17.0,13.0,17.0,15.0,12.0,10.0,31.0,13.0
1,1,FORGERY/THEFT-FRAUD/IDENTITY THEFT                ,119.0,97.0,89.0,141.0,250.0,152.0,136.0,161.0,213.0,211.0,197.0,169.0,183.0,111.0,142.0,138.0
2,1,ARSON                                 ,16.0,7.0,4.0,7.0,6.0,6.0,9.0,5.0,6.0,9.0,5.0,3.0,3.0,3.0,9.0,1.0
3,1,FELONY SEX CRIMES (3),8.0,4.0,5.0,11.0,2.0,9.0,7.0,5.0,4.0,7.0,7.0,13.0,12.0,14.0,7.0,13.0
4,1,FELONY DANGEROUS DRUGS  (1),51.0,34.0,38.0,38.0,42.0,39.0,29.0,29.0,30.0,33.0,21.0,29.0,28.0,37.0,33.0,18.0
5,1,FELONY DANGEROUS WEAPONS (2)        ,1.0,4.0,2.0,5.0,4.0,4.0,5.0,10.0,22.0,22.0,18.0,23.0,23.0,23.0,21.0,21.0
6,1,FEL. CRIMINAL MISCHIEF & RELATED OFFENSES  ,162.0,333.0,247.0,82.0,94.0,81.0,60.0,51.0,41.0,40.0,44.0,78.0,74.0,66.0,61.0,68.0
7,1,OTHER FELONIES (4),61.0,62.0,70.0,94.0,72.0,57.0,63.0,79.0,77.0,73.0,49.0,48.0,48.0,46.0,49.0,70.0
8,1,TOTAL NON-SEVEN MAJOR FELONY OFFENSES,431.0,555.0,463.0,385.0,474.0,354.0,312.0,353.0,410.0,408.0,358.0,378.0,383.0,310.0,353.0,342.0
9,5,FELONY POSSESSION STOLEN PROPERTY            ,7.0,19.0,10.0,5.0,5.0,6.0,15.0,6.0,5.0,10.0,14.0,5.0,10.0,5.0,8.0,4.0
10,5,FORGERY/THEFT-FRAUD/IDENTITY THEFT                ,78.0,82.0,117.0,189.0,183.0,207.0,236.0,222.0,137.0,159.0,155.0,85.0,99.0,80.0,69.0,72.0
11,5,ARSON                                 ,20.0,19.0,6.0,11.0,7.0,10.0,1.0,4.0,15.0,13.0,6.0,6.0,12.0,13.0,10.0,8.0
12,5,FELONY SEX CRIMES (3),9.0,10.0,1.0,4.0,14.0,7.0,4.0,5.0,6.0,6.0,7.0,8.0,8.0,8.0,14.0,15.0
13,5,FELONY DANGEROUS DRUGS  (1),304.0,299.0,280.0,191.0,228.0,229.0,245.0,240.0,270.0,235.0,208.0,193.0,151.0,139.0,148.0,138.0
14,5,FELONY DANGEROUS WEAPONS (2)        ,14.0,12.0,9.0,9.0,11.0,18.0,31.0,25.0,33.0,22.0,19.0,18.0,14.0,20.0,17.0,21.0
15,5,FEL. CRIMINAL MISCHIEF & RELATED OFFENSES  ,77.0,118.0,87.0,54.0,51.0,66.0,87.0,75.0,97.0,54.0,59.0,55.0,59.0,46.0,54.0,58.0
16,5,OTHER FELONIES (4),93.0,89.0,74.0,68.0,80.0,91.0,122.0,138.0,133.0,83.0,88.0,117.0,114.0,103.0,49.0,173.0
17,5,TOTAL NON-SEVEN MAJOR FELONY OFFENSES,602.0,648.0,584.0,531.0,579.0,634.0,741.0,715.0,696.0,582.0,556.0,487.0,467.0,414.0,369.0,489.0
18,6,FELONY POSSESSION STOLEN PROPERTY            ,17.0,13.0,17.0,14.0,10.0,9.0,13.0,14.0,10.0,17.0,18.0,15.0,23.0,18.0,39.0,36.0
19,6,FORGERY/THEFT-FRAUD/IDENTITY THEFT                ,78.0,61.0,39.0,90.0,148.0,115.0,109.0,102.0,91.0,70.0,93.0,81.0,105.0,125.0,105.0,132.0
20,6,ARSON                                 ,5.0,8.0,7.0,1.0,4.0,3.0,3.0,3.0,5.0,0.0,2.0,4.0,2.0,2.0,0.0,0.0
21,6,FELONY SEX CRIMES (3),0.0,11.0,11.0,7.0,6.0,8.0,7.0,7.0,8.0,7.0,4.0,8.0,10.0,7.0,4.0,12.0
22,6,FELONY DANGEROUS DRUGS  (1),458.0,410.0,558.0,371.0,485.0,314.0,362.0,400.0,356.0,260.0,283.0,174.0,212.0,214.0,160.0,181.0
23,6,FELONY DANGEROUS WEAPONS (2)        ,16.0,10.0,9.0,3.0,6.0,20.0,20.0,16.0,14.0,26.0,20.0,16.0,19.0,32.0,44.0,32.0
24,6,FEL. CRIMINAL MISCHIEF & RELATED OFFENSES  ,149.0,123.0,142.0,82.0,101.0,124.0,125.0,114.0,98.0,119.0,96.0,94.0,84.0,102.0,65.0,80.0
25,6,OTHER FELONIES (4),65.0,51.0,34.0,47.0,45.0,39.0,37.0,58.0,43.0,28.0,43.0,34.0,44.0,65.0,33.0,34.0
26,6,TOTAL NON-SEVEN MAJOR FELONY OFFENSES,788.0,687.0,817.0,615.0,805.0,632.0,676.0,714.0,625.0,527.0,559.0,426.0,499.0,565.0,450.0,507.0
27,7,FELONY POSSESSION STOLEN PROPERTY            ,13.0,10.0,17.0,8.0,11.0,17.0,8.0,7.0,5.0,3.0,10.0,7.0,6.0,10.0,15.0,3.0
28,7,FORGERY/THEFT-FRAUD/IDENTITY THEFT                ,10.0,36.0,28.0,66.0,129.0,115.0,104.0,87.0,58.0,82.0,55.0,56.0,52.0,62.0,58.0,64.0
29,7,ARSON                                 ,23.0,19.0,11.0,7.0,7.0,9.0,3.0,13.0,11.0,7.0,12.0,10.0,9.0,10.0,29.0,17.0
30,7,FELONY SEX CRIMES (3),6.0,8.0,4.0,8.0,8.0,9.0,9.0,6.0,3.0,6.0,7.0,8.0,8.0,9.0,7.0,11.0
31,7,FELONY DANGEROUS DRUGS  (1),250.0,287.0,229.0,222.0,261.0,256.0,300.0,358.0,245.0,227.0,167.0,171.0,169.0,274.0,217.0,174.0
32,7,FELONY DANGEROUS WEAPONS (2)        ,16.0,23.0,17.0,26.0,44.0,30.0,34.0,60.0,39.0,86.0,49.0,49.0,51.0,49.0,36.0,26.0
33,7,FEL. CRIMINAL MISCHIEF & RELATED OFFENSES  ,43.0,90.0,63.0,51.0,27.0,31.0,37.0,41.0,33.0,33.0,44.0,57.0,44.0,38.0,41.0,60.0
34,7,OTHER FELONIES (4),79.0,47.0,68.0,93.0,94.0,104.0,69.0,128.0,104.0,108.0,82.0,77.0,119.0,112.0,114.0,127.0
35,7,TOTAL NON-SEVEN MAJOR FELONY OFFENSES,440.0,520.0,437.0,481.0,581.0,571.0,564.0,700.0,498.0,552.0,426.0,435.0,458.0,564.0,517.0,482.0
36,9,FELONY POSSESSION STOLEN PROPERTY            ,21.0,18.0,15.0,10.0,18.0,8.0,13.0,8.0,7.0,8.0,18.0,16.0,12.0,11.0,16.0,9.0
37,9,FORGERY/THEFT-FRAUD/IDENTITY THEFT                ,79.0,88.0,77.0,90.0,151.0,186.0,182.0,171.0,162.0,136.0,129.0,120.0,110.0,110.0,107.0,115.0
38,9,ARSON                                 ,36.0,21.0,11.0,3.0,10.0,10.0,8.0,4.0,6.0,7.0,10.0,12.0,14.0,9.0,17.0,14.0
39,9,FELONY SEX CRIMES (3),12.0,16.0,28.0,17.0,11.0,16.0,11.0,11.0,9.0,12.0,10.0,10.0,9.0,17.0,11.0,11.0
40,9,FELONY DANGEROUS DRUGS  (1),496.0,338.0,342.0,341.0,501.0,422.0,344.0,316.0,206.0,297.0,335.0,279.0,372.0,407.0,357.0,331.0
41,9,FELONY DANGEROUS WEAPONS (2)        ,16.0,30.0,41.0,18.0,34.0,52.0,45.0,69.0,50.0,135.0,62.0,32.0,39.0,41.0,32.0,31.0
42,9,FEL. CRIMINAL MISCHIEF & RELATED OFFENSES  ,168.0,169.0,110.0,88.0,60.0,56.0,79.0,49.0,52.0,68.0,64.0,60.0,58.0,57.0,36.0,22.0
43,9,OTHER FELONIES (4),131.0,116.0,88.0,129.0,129.0,157.0,144.0,126.0,95.0,107.0,87.0,88.0,97.0,98.0,95.0,82.0
44,9,TOTAL NON-SEVEN MAJOR FELONY OFFENSES,959.0,796.0,712.0,696.0,914.0,907.0,826.0,754.0,587.0,770.0,715.0,617.0,711.0,750.0,671.0,615.0
45,10,FELONY POSSESSION STOLEN PROPERTY            ,11.0,17.0,5.0,16.0,22.0,15.0,15.0,17.0,14.0,12.0,8.0,16.0,17.0,21.0,9.0,24.0
46,10,FORGERY/THEFT-FRAUD/IDENTITY THEFT                ,35.0,22.0,31.0,64.0,145.0,177.0,156.0,122.0,150.0,108.0,117.0,114.0,125.0,89.0,104.0,98.0
47,10,ARSON                                 ,16.0,11.0,11.0,5.0,7.0,7.0,6.0,5.0,7.0,10.0,9.0,3.0,5.0,11.0,9.0,11.0
48,10,FELONY SEX CRIMES (3),7.0,9.0,7.0,4.0,6.0,6.0,13.0,7.0,6.0,3.0,9.0,5.0,5.0,8.0,12.0,9.0
49,10,FELONY DANGEROUS DRUGS  (1),282.0,270.0,283.0,289.0,343.0,344.0,444.0,352.0,316.0,265.0,166.0,177.0,167.0,199.0,188.0,172.0
50,10,FELONY DANGEROUS WEAPONS (2)        ,11.0,10.0,15.0,7.0,23.0,22.0,55.0,83.0,112.0,85.0,40.0,34.0,21.0,37.0,19.0,19.0
51,10,FEL. CRIMINAL MISCHIEF & RELATED OFFENSES  ,82.0,85.0,82.0,39.0,37.0,63.0,52.0,65.0,64.0,64.0,67.0,42.0,41.0,63.0,43.0,41.0
52,10,OTHER FELONIES (4),55.0,30.0,35.0,70.0,73.0,90.0,57.0,66.0,72.0,63.0,66.0,45.0,60.0,59.0,66.0,56.0
53,10,TOTAL NON-SEVEN MAJOR FELONY OFFENSES,499.0,454.0,469.0,494.0,656.0,724.0,798.0,717.0,741.0,610.0,482.0,436.0,441.0,487.0,450.0,430.0
54,13,FELONY POSSESSION STOLEN PROPERTY            ,17.0,19.0,21.0,23.0,12.0,15.0,8.0,21.0,25.0,28.0,16.0,22.0,15.0,24.0,34.0,16.0
55,13,FORGERY/THEFT-FRAUD/IDENTITY THEFT                ,99.0,96.0,101.0,200.0,370.0,393.0,358.0,298.0,271.0,236.0,238.0,220.0,163.0,165.0,128.0,176.0
56,13,ARSON                                 ,27.0,14.0,10.0,4.0,7.0,4.0,6.0,5.0,7.0,7.0,4.0,4.0,7.0,10.0,10.0,7.0
57,13,FELONY SEX CRIMES (3),5.0,8.0,19.0,15.0,10.0,12.0,5.0,6.0,7.0,10.0,16.0,31.0,46.0,35.0,37.0,35.0
58,13,FELONY DANGEROUS DRUGS  (1),235.0,145.0,224.0,128.0,222.0,236.0,210.0,132.0,160.0,160.0,186.0,203.0,259.0,234.0,174.0,146.0
59,13,FELONY DANGEROUS WEAPONS (2)        ,9.0,8.0,10.0,10.0,10.0,21.0,43.0,67.0,83.0,66.0,43.0,32.0,22.0,28.0,33.0,47.0
60,13,FEL. CRIMINAL MISCHIEF & RELATED OFFENSES  ,158.0,159.0,222.0,81.0,83.0,87.0,101.0,78.0,81.0,97.0,78.0,46.0,45.0,48.0,56.0,70.0
61,13,OTHER FELONIES (4),63.0,51.0,60.0,96.0,64.0,68.0,111.0,104.0,58.0,65.0,81.0,72.0,56.0,80.0,60.0,79.0
62,13,TOTAL NON-SEVEN MAJOR FELONY OFFENSES,613.0,500.0,667.0,557.0,778.0,836.0,842.0,711.0,692.0,669.0,662.0,630.0,613.0,624.0,532.0,576.0
63,14,FELONY POSSESSION STOLEN PROPERTY            ,71.0,74.0,65.0,27.0,30.0,57.0,68.0,51.0,52.0,31.0,65.0,33.0,28.0,31.0,41.0,22.0
64,14,FORGERY/THEFT-FRAUD/IDENTITY THEFT                ,361.0,299.0,210.0,387.0,543.0,644.0,673.0,440.0,329.0,289.0,374.0,275.0,273.0,295.0,331.0,301.0
65,14,ARSON                                 ,11.0,11.0,9.0,4.0,5.0,6.0,3.0,12.0,6.0,1.0,2.0,1.0,2.0,0.0,3.0,1.0
66,14,FELONY SEX CRIMES (3),14.0,14.0,9.0,11.0,12.0,11.0,12.0,7.0,3.0,7.0,30.0,16.0,34.0,23.0,36.0,41.0
67,14,FELONY DANGEROUS DRUGS  (1),740.0,454.0,711.0,440.0,413.0,379.0,334.0,342.0,270.0,195.0,180.0,197.0,271.0,331.0,384.0,394.0
68,14,FELONY DANGEROUS WEAPONS (2)        ,21.0,20.0,28.0,17.0,9.0,26.0,63.0,81.0,109.0,67.0,74.0,46.0,23.0,44.0,61.0,56.0
69,14,FEL. CRIMINAL MISCHIEF & RELATED OFFENSES  ,208.0,162.0,250.0,84.0,122.0,123.0,119.0,95.0,112.0,124.0,102.0,124.0,144.0,167.0,132.0,136.0
70,14,OTHER FELONIES (4),112.0,130.0,128.0,187.0,137.0,110.0,140.0,126.0,142.0,111.0,118.0,119.0,118.0,113.0,120.0,85.0
71,14,TOTAL NON-SEVEN MAJOR FELONY OFFENSES,1538.0,1164.0,1410.0,1157.0,1271.0,1356.0,1412.0,1154.0,1023.0,825.0,945.0,811.0,893.0,1004.0,1108.0,1036.0
72,17,FELONY POSSESSION STOLEN PROPERTY            ,15.0,4.0,9.0,8.0,4.0,4.0,7.0,7.0,6.0,2.0,1.0,5.0,3.0,3.0,5.0,1.0
73,17,FORGERY/THEFT-FRAUD/IDENTITY THEFT                ,53.0,31.0,31.0,70.0,111.0,123.0,150.0,100.0,144.0,120.0,122.0,115.0,76.0,104.0,96.0,124.0
74,17,ARSON                                 ,6.0,3.0,6.0,0.0,1.0,3.0,0.0,3.0,2.0,2.0,2.0,1.0,2.0,2.0,2.0,0.0
75,17,FELONY SEX CRIMES (3),1.0,6.0,3.0,5.0,5.0,7.0,4.0,2.0,3.0,4.0,4.0,9.0,10.0,9.0,25.0,10.0
76,17,FELONY DANGEROUS DRUGS  (1),41.0,15.0,46.0,28.0,63.0,47.0,25.0,21.0,25.0,25.0,26.0,20.0,36.0,20.0,19.0,22.0
77,17,FELONY DANGEROUS WEAPONS (2)        ,2.0,0.0,6.0,1.0,1.0,5.0,2.0,8.0,7.0,6.0,8.0,3.0,3.0,2.0,9.0,9.0
78,17,FEL. CRIMINAL MISCHIEF & RELATED OFFENSES  ,84.0,113.0,129.0,51.0,71.0,82.0,70.0,48.0,63.0,58.0,38.0,38.0,31.0,38.0,42.0,70.0
79,17,OTHER FELONIES (4),37.0,38.0,45.0,120.0,73.0,54.0,58.0,81.0,32.0,42.0,52.0,28.0,44.0,37.0,26.0,34.0
80,17,TOTAL NON-SEVEN MAJOR FELONY OFFENSES,239.0,210.0,275.0,283.0,329.0,325.0,316.0,270.0,282.0,259.0,253.0,219.0,205.0,215.0,224.0,270.0
81,18,FELONY POSSESSION STOLEN PROPERTY            ,27.0,26.0,13.0,19.0,10.0,16.0,24.0,13.0,14.0,16.0,16.0,9.0,14.0,16.0,24.0,14.0
82,18,FORGERY/THEFT-FRAUD/IDENTITY THEFT                ,142.0,143.0,111.0,154.0,138.0,180.0,171.0,190.0,229.0,207.0,214.0,180.0,229.0,241.0,227.0,212.0
83,18,ARSON                                 ,15.0,13.0,6.0,3.0,4.0,6.0,10.0,1.0,10.0,10.0,4.0,7.0,3.0,6.0,1.0,10.0
84,18,FELONY SEX CRIMES (3),18.0,12.0,18.0,23.0,10.0,8.0,13.0,10.0,11.0,6.0,17.0,23.0,14.0,19.0,20.0,22.0
85,18,FELONY DANGEROUS DRUGS  (1),287.0,283.0,191.0,106.0,203.0,109.0,137.0,177.0,206.0,193.0,143.0,127.0,125.0,97.0,114.0,101.0
86,18,FELONY DANGEROUS WEAPONS (2)        ,13.0,13.0,16.0,14.0,18.0,14.0,23.0,20.0,26.0,25.0,18.0,10.0,17.0,16.0,23.0,10.0
87,18,FEL. CRIMINAL MISCHIEF & RELATED OFFENSES  ,242.0,254.0,192.0,127.0,111.0,106.0,108.0,61.0,68.0,85.0,98.0,75.0,76.0,80.0,85.0,70.0
88,18,OTHER FELONIES (4),120.0,100.0,97.0,118.0,55.0,76.0,36.0,63.0,72.0,80.0,64.0,62.0,74.0,58.0,80.0,86.0
89,18,TOTAL NON-SEVEN MAJOR FELONY OFFENSES,864.0,844.0,644.0,564.0,549.0,515.0,522.0,535.0,636.0,622.0,574.0,493.0,552.0,533.0,574.0,525.0
90,19,FELONY POSSESSION STOLEN PROPERTY            ,14.0,12.0,15.0,6.0,32.0,16.0,19.0,6.0,4.0,8.0,14.0,6.0,11.0,13.0,4.0,10.0
91,19,FORGERY/THEFT-FRAUD/IDENTITY THEFT                ,94.0,83.0,94.0,247.0,433.0,339.0,391.0,339.0,287.0,207.0,235.0,256.0,237.0,269.0,210.0,275.0
92,19,ARSON                                 ,21.0,16.0,10.0,8.0,7.0,9.0,7.0,15.0,23.0,18.0,6.0,8.0,14.0,21.0,3.0,8.0
93,19,FELONY SEX CRIMES (3),5.0,10.0,11.0,6.0,7.0,9.0,7.0,10.0,12.0,9.0,10.0,14.0,16.0,15.0,14.0,17.0
94,19,FELONY DANGEROUS DRUGS  (1),57.0,45.0,33.0,37.0,44.0,39.0,57.0,61.0,44.0,56.0,44.0,47.0,37.0,23.0,15.0,16.0
95,19,FELONY DANGEROUS WEAPONS (2)        ,6.0,3.0,1.0,7.0,7.0,6.0,15.0,22.0,10.0,22.0,10.0,13.0,12.0,11.0,4.0,8.0
96,19,FEL. CRIMINAL MISCHIEF & RELATED OFFENSES  ,170.0,127.0,126.0,104.0,101.0,86.0,112.0,104.0,54.0,79.0,44.0,37.0,56.0,60.0,97.0,95.0
97,19,OTHER FELONIES (4),96.0,84.0,92.0,102.0,92.0,115.0,102.0,87.0,84.0,62.0,79.0,66.0,63.0,61.0,59.0,53.0
98,19,TOTAL NON-SEVEN MAJOR FELONY OFFENSES,463.0,380.0,382.0,517.0,723.0,619.0,710.0,644.0,518.0,461.0,442.0,447.0,446.0,473.0,406.0,482.0
99,20,FELONY POSSESSION STOLEN PROPERTY            ,8.0,14.0,5.0,9.0,10.0,9.0,9.0,15.0,11.0,10.0,9.0,5.0,5.0,6.0,8.0,14.0
100,20,FORGERY/THEFT-FRAUD/IDENTITY THEFT                ,26.0,23.0,46.0,87.0,153.0,189.0,162.0,171.0,174.0,149.0,155.0,166.0,154.0,133.0,129.0,117.0
101,20,ARSON                                 ,11.0,9.0,10.0,3.0,6.0,11.0,5.0,3.0,6.0,7.0,6.0,1.0,2.0,4.0,1.0,2.0
102,20,FELONY SEX CRIMES (3),3.0,8.0,4.0,5.0,4.0,9.0,3.0,3.0,7.0,8.0,9.0,7.0,10.0,8.0,10.0,6.0
103,20,FELONY DANGEROUS DRUGS  (1),63.0,96.0,74.0,97.0,85.0,59.0,48.0,65.0,59.0,64.0,63.0,23.0,17.0,8.0,16.0,23.0
104,20,FELONY DANGEROUS WEAPONS (2)        ,7.0,10.0,5.0,3.0,2.0,7.0,11.0,7.0,20.0,18.0,22.0,15.0,8.0,2.0,6.0,9.0
105,20,FEL. CRIMINAL MISCHIEF & RELATED OFFENSES  ,132.0,123.0,91.0,59.0,74.0,44.0,39.0,37.0,45.0,30.0,35.0,17.0,23.0,19.0,17.0,24.0
106,20,OTHER FELONIES (4),52.0,57.0,60.0,53.0,59.0,58.0,47.0,43.0,40.0,39.0,41.0,34.0,38.0,27.0,45.0,51.0
107,20,TOTAL NON-SEVEN MAJOR FELONY OFFENSES,302.0,340.0,295.0,316.0,393.0,386.0,324.0,344.0,362.0,325.0,340.0,268.0,257.0,207.0,232.0,246.0
108,22,FELONY POSSESSION STOLEN PROPERTY            ,3.0,0.0,0.0,0.0,1.0,1.0,0.0,1.0,2.0,0.0,3.0,0.0,1.0,0.0,0.0,0.0
109,22,FORGERY/THEFT-FRAUD/IDENTITY THEFT                ,1.0,4.0,1.0,1.0,1.0,4.0,3.0,1.0,7.0,5.0,5.0,3.0,2.0,5.0,1.0,7.0
110,22,ARSON                                 ,0.0,0.0,0.0,0.0,0.0,0.0,0.0,0.0,0.0,0.0,1.0,0.0,0.0,0.0,0.0,0.0
111,22,FELONY SEX CRIMES (3),41.0,2.0,5.0,2.0,1.0,4.0,0.0,1.0,0.0,1.0,2.0,2.0,2.0,2.0,0.0,4.0
112,22,FELONY DANGEROUS DRUGS  (1),6.0,4.0,6.0,2.0,5.0,15.0,2.0,4.0,5.0,2.0,4.0,5.0,3.0,4.0,1.0,6.0
113,22,FELONY DANGEROUS WEAPONS (2)        ,3.0,0.0,0.0,0.0,0.0,4.0,3.0,0.0,1.0,3.0,3.0,1.0,0.0,2.0,3.0,1.0
114,22,FEL. CRIMINAL MISCHIEF & RELATED OFFENSES  ,8.0,7.0,10.0,6.0,1.0,5.0,0.0,0.0,2.0,2.0,3.0,2.0,2.0,0.0,4.0,4.0
115,22,OTHER FELONIES (4),6.0,4.0,4.0,2.0,7.0,4.0,3.0,4.0,1.0,7.0,4.0,4.0,7.0,5.0,2.0,5.0
116,22,TOTAL NON-SEVEN MAJOR FELONY OFFENSES,68.0,21.0,26.0,13.0,16.0,37.0,11.0,11.0,18.0,20.0,25.0,17.0,17.0,18.0,11.0,27.0
117,23,FELONY POSSESSION STOLEN PROPERTY            ,30.0,22.0,26.0,18.0,21.0,16.0,19.0,8.0,14.0,9.0,8.0,8.0,7.0,5.0,33.0,26.0
118,23,FORGERY/THEFT-FRAUD/IDENTITY THEFT                ,130.0,64.0,68.0,93.0,152.0,157.0,138.0,134.0,187.0,99.0,95.0,137.0,81.0,75.0,91.0,92.0
119,23,ARSON                                 ,63.0,60.0,29.0,22.0,38.0,40.0,41.0,21.0,43.0,30.0,36.0,24.0,25.0,32.0,38.0,46.0
120,23,FELONY SEX CRIMES (3),27.0,28.0,31.0,27.0,27.0,31.0,20.0,17.0,23.0,16.0,16.0,20.0,16.0,11.0,7.0,20.0
121,23,FELONY DANGEROUS DRUGS  (1),1005.0,909.0,973.0,714.0,643.0,573.0,562.0,552.0,494.0,378.0,380.0,341.0,343.0,258.0,256.0,262.0
122,23,FELONY DANGEROUS WEAPONS (2)        ,36.0,38.0,39.0,43.0,54.0,98.0,87.0,109.0,130.0,133.0,132.0,80.0,62.0,72.0,44.0,105.0
123,23,FEL. CRIMINAL MISCHIEF & RELATED OFFENSES  ,169.0,137.0,144.0,77.0,63.0,52.0,49.0,68.0,45.0,45.0,29.0,34.0,46.0,46.0,71.0,106.0
124,23,OTHER FELONIES (4),236.0,208.0,209.0,204.0,196.0,203.0,205.0,219.0,233.0,218.0,197.0,193.0,174.0,176.0,185.0,183.0
125,23,TOTAL NON-SEVEN MAJOR FELONY OFFENSES,1696.0,1466.0,1519.0,1198.0,1194.0,1170.0,1121.0,1128.0,1169.0,928.0,893.0,837.0,754.0,675.0,725.0,840.0
126,24,FELONY POSSESSION STOLEN PROPERTY            ,10.0,15.0,17.0,9.0,12.0,15.0,14.0,34.0,20.0,14.0,4.0,9.0,8.0,8.0,8.0,4.0
127,24,FORGERY/THEFT-FRAUD/IDENTITY THEFT                ,46.0,31.0,37.0,68.0,134.0,193.0,217.0,160.0,167.0,101.0,89.0,157.0,156.0,151.0,162.0,139.0
128,24,ARSON                                 ,18.0,30.0,6.0,15.0,18.0,14.0,10.0,7.0,13.0,11.0,6.0,16.0,5.0,10.0,13.0,6.0
129,24,FELONY SEX CRIMES (3),13.0,21.0,8.0,8.0,20.0,10.0,13.0,10.0,7.0,12.0,9.0,4.0,11.0,5.0,10.0,20.0
130,24,FELONY DANGEROUS DRUGS  (1),363.0,248.0,326.0,346.0,295.0,348.0,300.0,316.0,205.0,179.0,129.0,116.0,147.0,145.0,99.0,77.0
131,24,FELONY DANGEROUS WEAPONS (2)        ,7.0,7.0,11.0,9.0,15.0,11.0,27.0,21.0,19.0,29.0,10.0,15.0,25.0,14.0,12.0,22.0
132,24,FEL. CRIMINAL MISCHIEF & RELATED OFFENSES  ,72.0,167.0,194.0,59.0,59.0,47.0,44.0,32.0,49.0,35.0,29.0,32.0,26.0,62.0,35.0,54.0
133,24,OTHER FELONIES (4),90.0,91.0,73.0,94.0,108.0,83.0,97.0,87.0,96.0,112.0,101.0,91.0,82.0,90.0,84.0,73.0
134,24,TOTAL NON-SEVEN MAJOR FELONY OFFENSES,619.0,610.0,672.0,608.0,661.0,721.0,722.0,667.0,576.0,493.0,377.0,440.0,460.0,485.0,423.0,395.0
135,25,FELONY POSSESSION STOLEN PROPERTY            ,45.0,52.0,52.0,32.0,25.0,18.0,22.0,24.0,26.0,25.0,23.0,12.0,7.0,4.0,21.0,30.0
136,25,FORGERY/THEFT-FRAUD/IDENTITY THEFT                ,134.0,114.0,105.0,93.0,242.0,247.0,215.0,251.0,206.0,137.0,153.0,100.0,94.0,124.0,121.0,156.0
137,25,ARSON                                 ,34.0,24.0,27.0,13.0,21.0,26.0,13.0,21.0,15.0,19.0,18.0,7.0,17.0,10.0,10.0,12.0
138,25,FELONY SEX CRIMES (3),20.0,25.0,16.0,25.0,16.0,22.0,21.0,14.0,10.0,15.0,16.0,17.0,19.0,23.0,21.0,28.0
139,25,FELONY DANGEROUS DRUGS  (1),977.0,749.0,836.0,982.0,799.0,698.0,715.0,790.0,759.0,635.0,734.0,708.0,715.0,875.0,733.0,545.0
140,25,FELONY DANGEROUS WEAPONS (2)        ,36.0,27.0,29.0,42.0,59.0,67.0,87.0,154.0,214.0,173.0,184.0,137.0,78.0,77.0,75.0,104.0
141,25,FEL. CRIMINAL MISCHIEF & RELATED OFFENSES  ,47.0,159.0,168.0,63.0,50.0,44.0,69.0,45.0,67.0,79.0,34.0,36.0,46.0,54.0,89.0,133.0
142,25,OTHER FELONIES (4),171.0,176.0,137.0,141.0,177.0,191.0,148.0,163.0,156.0,165.0,150.0,149.0,159.0,164.0,151.0,172.0
143,25,TOTAL NON-SEVEN MAJOR FELONY OFFENSES,1464.0,1326.0,1370.0,1391.0,1389.0,1313.0,1290.0,1462.0,1453.0,1248.0,1312.0,1166.0,1135.0,1331.0,1221.0,1180.0
144,26,FELONY POSSESSION STOLEN PROPERTY            ,32.0,28.0,32.0,20.0,11.0,19.0,23.0,5.0,8.0,9.0,10.0,3.0,5.0,9.0,8.0,8.0
145,26,FORGERY/THEFT-FRAUD/IDENTITY THEFT                ,45.0,56.0,60.0,71.0,104.0,121.0,131.0,105.0,128.0,91.0,65.0,54.0,56.0,67.0,93.0,75.0
146,26,ARSON                                 ,29.0,11.0,8.0,7.0,7.0,13.0,10.0,9.0,8.0,5.0,16.0,13.0,10.0,13.0,13.0,14.0
147,26,FELONY SEX CRIMES (3),16.0,5.0,12.0,13.0,15.0,8.0,7.0,6.0,3.0,3.0,1.0,13.0,8.0,8.0,13.0,11.0
148,26,FELONY DANGEROUS DRUGS  (1),277.0,195.0,208.0,229.0,227.0,197.0,93.0,83.0,146.0,138.0,164.0,99.0,113.0,124.0,49.0,86.0
149,26,FELONY DANGEROUS WEAPONS (2)        ,42.0,27.0,39.0,25.0,46.0,34.0,40.0,31.0,39.0,32.0,27.0,24.0,33.0,36.0,21.0,33.0
150,26,FEL. CRIMINAL MISCHIEF & RELATED OFFENSES  ,60.0,63.0,56.0,46.0,37.0,25.0,39.0,23.0,17.0,24.0,20.0,14.0,19.0,16.0,25.0,21.0
151,26,OTHER FELONIES (4),184.0,167.0,153.0,131.0,112.0,109.0,90.0,102.0,97.0,77.0,76.0,63.0,75.0,69.0,67.0,58.0
152,26,TOTAL NON-SEVEN MAJOR FELONY OFFENSES,685.0,552.0,568.0,542.0,559.0,526.0,433.0,364.0,446.0,379.0,379.0,283.0,319.0,342.0,289.0,306.0
153,28,FELONY POSSESSION STOLEN PROPERTY            ,25.0,33.0,35.0,14.0,13.0,21.0,20.0,18.0,13.0,17.0,12.0,8.0,6.0,5.0,15.0,8.0
154,28,FORGERY/THEFT-FRAUD/IDENTITY THEFT                ,114.0,80.0,102.0,153.0,157.0,218.0,149.0,145.0,193.0,136.0,85.0,82.0,96.0,71.0,109.0,113.0
155,28,ARSON                                 ,28.0,22.0,13.0,11.0,11.0,9.0,14.0,12.0,12.0,4.0,13.0,6.0,15.0,5.0,3.0,4.0
156,28,FELONY SEX CRIMES (3),7.0,19.0,17.0,12.0,12.0,21.0,15.0,8.0,12.0,11.0,9.0,4.0,14.0,11.0,15.0,11.0
157,28,FELONY DANGEROUS DRUGS  (1),806.0,666.0,805.0,811.0,809.0,757.0,643.0,697.0,819.0,697.0,702.0,476.0,413.0,505.0,412.0,261.0
158,28,FELONY DANGEROUS WEAPONS (2)        ,21.0,25.0,28.0,38.0,40.0,50.0,55.0,88.0,81.0,101.0,64.0,60.0,54.0,40.0,41.0,49.0
159,28,FEL. CRIMINAL MISCHIEF & RELATED OFFENSES  ,42.0,66.0,103.0,45.0,30.0,34.0,24.0,26.0,17.0,15.0,18.0,21.0,17.0,77.0,127.0,149.0
160,28,OTHER FELONIES (4),116.0,93.0,131.0,118.0,114.0,128.0,165.0,147.0,169.0,191.0,129.0,114.0,140.0,98.0,92.0,103.0
161,28,TOTAL NON-SEVEN MAJOR FELONY OFFENSES,1159.0,1004.0,1234.0,1202.0,1186.0,1238.0,1085.0,1141.0,1316.0,1172.0,1032.0,771.0,755.0,812.0,814.0,698.0
162,30,FELONY POSSESSION STOLEN PROPERTY            ,99.0,78.0,49.0,37.0,36.0,24.0,27.0,17.0,17.0,9.0,2.0,6.0,7.0,8.0,8.0,10.0
163,30,FORGERY/THEFT-FRAUD/IDENTITY THEFT                ,164.0,109.0,82.0,79.0,137.0,137.0,118.0,92.0,76.0,90.0,74.0,70.0,92.0,73.0,72.0,73.0
164,30,ARSON                                 ,25.0,14.0,6.0,10.0,12.0,8.0,13.0,8.0,10.0,4.0,10.0,5.0,9.0,7.0,4.0,6.0
165,30,FELONY SEX CRIMES (3),22.0,16.0,16.0,22.0,19.0,16.0,24.0,12.0,7.0,5.0,14.0,7.0,16.0,15.0,14.0,13.0
166,30,FELONY DANGEROUS DRUGS  (1),3542.0,3204.0,2896.0,1576.0,1184.0,683.0,670.0,814.0,590.0,530.0,468.0,369.0,305.0,327.0,200.0,193.0
167,30,FELONY DANGEROUS WEAPONS (2)        ,86.0,57.0,77.0,38.0,62.0,38.0,60.0,61.0,58.0,70.0,50.0,47.0,41.0,66.0,41.0,51.0
168,30,FEL. CRIMINAL MISCHIEF & RELATED OFFENSES  ,70.0,143.0,160.0,38.0,49.0,23.0,20.0,25.0,61.0,27.0,33.0,17.0,17.0,25.0,28.0,33.0
169,30,OTHER FELONIES (4),405.0,275.0,194.0,179.0,135.0,123.0,109.0,143.0,152.0,190.0,125.0,113.0,101.0,148.0,140.0,108.0
170,30,TOTAL NON-SEVEN MAJOR FELONY OFFENSES,4413.0,3896.0,3480.0,1979.0,1634.0,1052.0,1041.0,1172.0,971.0,925.0,776.0,634.0,588.0,669.0,507.0,487.0
171,32,FELONY POSSESSION STOLEN PROPERTY            ,21.0,45.0,45.0,29.0,28.0,15.0,14.0,12.0,16.0,15.0,8.0,12.0,12.0,8.0,12.0,11.0
172,32,FORGERY/THEFT-FRAUD/IDENTITY THEFT                ,52.0,46.0,64.0,86.0,127.0,145.0,138.0,114.0,160.0,133.0,140.0,122.0,143.0,117.0,105.0,102.0
173,32,ARSON                                 ,63.0,44.0,18.0,29.0,20.0,30.0,22.0,34.0,19.0,23.0,33.0,17.0,26.0,34.0,29.0,15.0
174,32,FELONY SEX CRIMES (3),23.0,33.0,37.0,21.0,24.0,28.0,21.0,17.0,19.0,19.0,20.0,26.0,23.0,19.0,15.0,21.0
175,32,FELONY DANGEROUS DRUGS  (1),1215.0,1194.0,1076.0,831.0,819.0,659.0,711.0,523.0,709.0,516.0,421.0,427.0,289.0,326.0,274.0,299.0
176,32,FELONY DANGEROUS WEAPONS (2)        ,61.0,80.0,98.0,74.0,112.0,87.0,131.0,140.0,217.0,213.0,131.0,118.0,95.0,107.0,74.0,72.0
177,32,FEL. CRIMINAL MISCHIEF & RELATED OFFENSES  ,85.0,156.0,181.0,89.0,97.0,107.0,113.0,83.0,79.0,92.0,66.0,79.0,47.0,51.0,106.0,116.0
178,32,OTHER FELONIES (4),176.0,167.0,228.0,237.0,225.0,220.0,260.0,293.0,281.0,305.0,246.0,192.0,186.0,208.0,172.0,160.0
179,32,TOTAL NON-SEVEN MAJOR FELONY OFFENSES,1696.0,1765.0,1747.0,1396.0,1452.0,1291.0,1410.0,1216.0,1500.0,1316.0,1065.0,993.0,821.0,870.0,787.0,796.0
180,33,FELONY POSSESSION STOLEN PROPERTY            ,35.0,42.0,46.0,30.0,21.0,24.0,17.0,15.0,13.0,15.0,13.0,9.0,6.0,12.0,9.0,5.0
181,33,FORGERY/THEFT-FRAUD/IDENTITY THEFT                ,65.0,83.0,64.0,87.0,185.0,193.0,160.0,158.0,193.0,140.0,94.0,103.0,112.0,114.0,94.0,81.0
182,33,ARSON                                 ,21.0,16.0,5.0,11.0,15.0,23.0,10.0,12.0,9.0,6.0,4.0,3.0,10.0,1.0,2.0,9.0
183,33,FELONY SEX CRIMES (3),30.0,14.0,30.0,33.0,26.0,16.0,13.0,13.0,14.0,10.0,15.0,11.0,20.0,12.0,17.0,13.0
184,33,FELONY DANGEROUS DRUGS  (1),1276.0,729.0,1046.0,1127.0,1226.0,814.0,712.0,770.0,826.0,714.0,521.0,420.0,391.0,399.0,324.0,282.0
185,33,FELONY DANGEROUS WEAPONS (2)        ,48.0,44.0,45.0,25.0,35.0,35.0,38.0,58.0,67.0,62.0,40.0,40.0,43.0,50.0,39.0,77.0
186,33,FEL. CRIMINAL MISCHIEF & RELATED OFFENSES  ,108.0,213.0,232.0,88.0,89.0,109.0,116.0,83.0,172.0,85.0,25.0,18.0,16.0,17.0,33.0,104.0
187,33,OTHER FELONIES (4),191.0,180.0,151.0,110.0,102.0,117.0,114.0,158.0,152.0,132.0,85.0,51.0,56.0,68.0,77.0,79.0
188,33,TOTAL NON-SEVEN MAJOR FELONY OFFENSES,1774.0,1321.0,1619.0,1511.0,1699.0,1331.0,1180.0,1267.0,1446.0,1164.0,797.0,655.0,654.0,673.0,595.0,650.0
189,34,FELONY POSSESSION STOLEN PROPERTY            ,23.0,16.0,35.0,37.0,35.0,24.0,23.0,20.0,18.0,13.0,18.0,15.0,14.0,8.0,13.0,17.0
190,34,FORGERY/THEFT-FRAUD/IDENTITY THEFT                ,99.0,55.0,64.0,84.0,217.0,224.0,150.0,154.0,149.0,127.0,140.0,168.0,177.0,232.0,145.0,197.0
191,34,ARSON                                 ,27.0,23.0,34.0,11.0,20.0,24.0,13.0,9.0,17.0,24.0,23.0,5.0,10.0,7.0,7.0,5.0
192,34,FELONY SEX CRIMES (3),10.0,21.0,24.0,29.0,22.0,27.0,18.0,15.0,18.0,14.0,20.0,13.0,14.0,17.0,20.0,16.0
193,34,FELONY DANGEROUS DRUGS  (1),861.0,373.0,515.0,486.0,625.0,558.0,504.0,593.0,496.0,464.0,401.0,408.0,322.0,308.0,249.0,242.0
194,34,FELONY DANGEROUS WEAPONS (2)        ,17.0,24.0,19.0,23.0,47.0,53.0,81.0,111.0,87.0,101.0,59.0,99.0,86.0,71.0,34.0,85.0
195,34,FEL. CRIMINAL MISCHIEF & RELATED OFFENSES  ,268.0,299.0,144.0,82.0,59.0,49.0,57.0,64.0,31.0,41.0,18.0,32.0,53.0,122.0,92.0,75.0
196,34,OTHER FELONIES (4),215.0,176.0,173.0,126.0,158.0,102.0,106.0,112.0,90.0,104.0,87.0,94.0,98.0,75.0,102.0,101.0
197,34,TOTAL NON-SEVEN MAJOR FELONY OFFENSES,1520.0,987.0,1008.0,878.0,1183.0,1061.0,952.0,1078.0,906.0,888.0,766.0,834.0,774.0,840.0,662.0,738.0
198,40,FELONY POSSESSION STOLEN PROPERTY            ,41.0,36.0,31.0,27.0,34.0,36.0,19.0,26.0,21.0,11.0,4.0,8.0,9.0,5.0,14.0,21.0
199,40,FORGERY/THEFT-FRAUD/IDENTITY THEFT                ,62.0,68.0,94.0,102.0,151.0,159.0,177.0,195.0,202.0,126.0,115.0,85.0,153.0,192.0,183.0,279.0
200,40,ARSON                                 ,73.0,61.0,42.0,41.0,53.0,46.0,50.0,52.0,61.0,51.0,58.0,78.0,50.0,60.0,56.0,50.0
201,40,FELONY SEX CRIMES (3),29.0,31.0,18.0,25.0,23.0,25.0,22.0,12.0,22.0,10.0,19.0,15.0,14.0,28.0,27.0,24.0
202,40,FELONY DANGEROUS DRUGS  (1),1196.0,1054.0,1215.0,904.0,882.0,911.0,1072.0,1105.0,1303.0,1226.0,1220.0,1201.0,1063.0,841.0,828.0,763.0
203,40,FELONY DANGEROUS WEAPONS (2)        ,72.0,73.0,95.0,85.0,100.0,107.0,98.0,146.0,135.0,163.0,149.0,134.0,172.0,206.0,180.0,214.0
204,40,FEL. CRIMINAL MISCHIEF & RELATED OFFENSES  ,132.0,212.0,151.0,121.0,125.0,162.0,272.0,124.0,55.0,30.0,37.0,20.0,27.0,33.0,82.0,260.0
205,40,OTHER FELONIES (4),455.0,414.0,482.0,557.0,556.0,458.0,318.0,291.0,276.0,258.0,244.0,216.0,240.0,236.0,251.0,273.0
206,40,TOTAL NON-SEVEN MAJOR FELONY OFFENSES,2060.0,1949.0,2128.0,1862.0,1924.0,1904.0,2028.0,1951.0,2075.0,1875.0,1846.0,1757.0,1728.0,1601.0,1621.0,1884.0
207,41,FELONY POSSESSION STOLEN PROPERTY            ,45.0,60.0,41.0,31.0,27.0,15.0,9.0,15.0,19.0,10.0,13.0,15.0,11.0,6.0,4.0,13.0
208,41,FORGERY/THEFT-FRAUD/IDENTITY THEFT                ,60.0,53.0,78.0,110.0,139.0,81.0,103.0,111.0,146.0,97.0,62.0,94.0,82.0,63.0,117.0,258.0
209,41,ARSON                                 ,136.0,86.0,46.0,26.0,15.0,27.0,22.0,25.0,33.0,26.0,20.0,22.0,15.0,36.0,20.0,23.0
210,41,FELONY SEX CRIMES (3),22.0,22.0,19.0,16.0,12.0,18.0,16.0,20.0,15.0,12.0,15.0,7.0,18.0,11.0,18.0,16.0
211,41,FELONY DANGEROUS DRUGS  (1),621.0,416.0,484.0,603.0,490.0,567.0,564.0,727.0,719.0,698.0,611.0,689.0,578.0,524.0,364.0,268.0
212,41,FELONY DANGEROUS WEAPONS (2)        ,37.0,40.0,37.0,32.0,24.0,29.0,30.0,46.0,59.0,62.0,61.0,52.0,55.0,45.0,76.0,82.0
213,41,FEL. CRIMINAL MISCHIEF & RELATED OFFENSES  ,194.0,241.0,161.0,153.0,121.0,92.0,128.0,91.0,57.0,41.0,65.0,76.0,151.0,163.0,100.0,81.0
214,41,OTHER FELONIES (4),809.0,677.0,635.0,622.0,536.0,311.0,269.0,319.0,308.0,293.0,282.0,392.0,336.0,429.0,117.0,122.0
215,41,TOTAL NON-SEVEN MAJOR FELONY OFFENSES,1924.0,1595.0,1501.0,1593.0,1364.0,1140.0,1141.0,1354.0,1356.0,1239.0,1129.0,1347.0,1246.0,1277.0,816.0,863.0
216,42,FELONY POSSESSION STOLEN PROPERTY            ,56.0,44.0,37.0,31.0,18.0,18.0,12.0,12.0,14.0,11.0,8.0,11.0,3.0,6.0,8.0,6.0
217,42,FORGERY/THEFT-FRAUD/IDENTITY THEFT                ,67.0,38.0,37.0,52.0,76.0,127.0,110.0,111.0,145.0,76.0,69.0,69.0,71.0,89.0,82.0,119.0
218,42,ARSON                                 ,57.0,58.0,42.0,40.0,31.0,39.0,56.0,56.0,52.0,50.0,49.0,48.0,48.0,45.0,37.0,46.0
219,42,FELONY SEX CRIMES (3),29.0,31.0,35.0,40.0,24.0,15.0,20.0,18.0,20.0,12.0,17.0,17.0,26.0,15.0,19.0,21.0
220,42,FELONY DANGEROUS DRUGS  (1),821.0,737.0,631.0,489.0,492.0,464.0,592.0,712.0,728.0,803.0,646.0,616.0,494.0,445.0,425.0,349.0
221,42,FELONY DANGEROUS WEAPONS (2)        ,70.0,61.0,54.0,58.0,69.0,69.0,84.0,124.0,131.0,106.0,100.0,96.0,99.0,100.0,75.0,108.0
222,42,FEL. CRIMINAL MISCHIEF & RELATED OFFENSES  ,110.0,226.0,125.0,49.0,63.0,80.0,59.0,42.0,40.0,36.0,26.0,29.0,58.0,25.0,50.0,55.0
223,42,OTHER FELONIES (4),304.0,243.0,290.0,283.0,251.0,231.0,177.0,169.0,155.0,179.0,140.0,105.0,120.0,113.0,124.0,132.0
224,42,TOTAL NON-SEVEN MAJOR FELONY OFFENSES,1514.0,1438.0,1251.0,1042.0,1024.0,1043.0,1110.0,1244.0,1285.0,1273.0,1055.0,991.0,919.0,838.0,820.0,836.0
225,43,FELONY POSSESSION STOLEN PROPERTY            ,47.0,44.0,51.0,23.0,34.0,25.0,13.0,11.0,22.0,17.0,11.0,11.0,10.0,11.0,12.0,8.0
226,43,FORGERY/THEFT-FRAUD/IDENTITY THEFT                ,122.0,97.0,79.0,119.0,228.0,223.0,194.0,194.0,241.0,199.0,166.0,240.0,281.0,226.0,183.0,205.0
227,43,ARSON                                 ,70.0,64.0,45.0,33.0,69.0,55.0,57.0,37.0,50.0,40.0,54.0,37.0,40.0,26.0,44.0,41.0
228,43,FELONY SEX CRIMES (3),44.0,49.0,40.0,39.0,31.0,34.0,32.0,26.0,26.0,26.0,31.0,20.0,28.0,29.0,25.0,36.0
229,43,FELONY DANGEROUS DRUGS  (1),871.0,899.0,877.0,694.0,653.0,718.0,739.0,824.0,631.0,598.0,560.0,435.0,370.0,507.0,419.0,303.0
230,43,FELONY DANGEROUS WEAPONS (2)        ,101.0,89.0,91.0,72.0,98.0,200.0,158.0,82.0,91.0,102.0,77.0,108.0,118.0,102.0,108.0,92.0
231,43,FEL. CRIMINAL MISCHIEF & RELATED OFFENSES  ,155.0,310.0,179.0,114.0,50.0,59.0,59.0,68.0,112.0,68.0,39.0,41.0,43.0,62.0,58.0,69.0
232,43,OTHER FELONIES (4),370.0,346.0,328.0,433.0,349.0,292.0,229.0,200.0,188.0,208.0,213.0,205.0,168.0,222.0,254.0,222.0
233,43,TOTAL NON-SEVEN MAJOR FELONY OFFENSES,1780.0,1898.0,1690.0,1527.0,1512.0,1606.0,1481.0,1442.0,1361.0,1258.0,1151.0,1097.0,1058.0,1185.0,1103.0,976.0
234,44,FELONY POSSESSION STOLEN PROPERTY            ,98.0,82.0,94.0,65.0,58.0,50.0,36.0,30.0,24.0,14.0,17.0,15.0,8.0,10.0,22.0,12.0
235,44,FORGERY/THEFT-FRAUD/IDENTITY THEFT                ,119.0,204.0,256.0,249.0,290.0,192.0,166.0,225.0,259.0,213.0,206.0,238.0,212.0,159.0,205.0,224.0
236,44,ARSON                                 ,96.0,78.0,37.0,36.0,37.0,35.0,44.0,33.0,41.0,26.0,27.0,21.0,23.0,16.0,24.0,21.0
237,44,FELONY SEX CRIMES (3),50.0,73.0,36.0,30.0,26.0,32.0,23.0,40.0,19.0,25.0,25.0,21.0,27.0,28.0,23.0,26.0
238,44,FELONY DANGEROUS DRUGS  (1),1055.0,852.0,1137.0,1236.0,1136.0,1073.0,1215.0,1409.0,1316.0,1344.0,1028.0,1131.0,910.0,695.0,571.0,514.0
239,44,FELONY DANGEROUS WEAPONS (2)        ,109.0,133.0,109.0,105.0,105.0,104.0,116.0,125.0,138.0,129.0,170.0,159.0,166.0,134.0,135.0,94.0
240,44,FEL. CRIMINAL MISCHIEF & RELATED OFFENSES  ,282.0,478.0,324.0,95.0,40.0,39.0,56.0,47.0,49.0,55.0,35.0,43.0,62.0,67.0,114.0,119.0
241,44,OTHER FELONIES (4),447.0,376.0,401.0,474.0,243.0,200.0,209.0,199.0,235.0,169.0,221.0,192.0,186.0,208.0,209.0,162.0
242,44,TOTAL NON-SEVEN MAJOR FELONY OFFENSES,2256.0,2276.0,2394.0,2290.0,1935.0,1725.0,1865.0,2108.0,2081.0,1975.0,1729.0,1820.0,1594.0,1317.0,1303.0,1172.0
243,45,FELONY POSSESSION STOLEN PROPERTY            ,20.0,22.0,28.0,15.0,19.0,14.0,6.0,10.0,6.0,8.0,6.0,10.0,4.0,4.0,6.0,6.0
244,45,FORGERY/THEFT-FRAUD/IDENTITY THEFT                ,39.0,37.0,45.0,83.0,178.0,139.0,140.0,128.0,182.0,133.0,136.0,170.0,121.0,104.0,117.0,114.0
245,45,ARSON                                 ,57.0,47.0,19.0,21.0,37.0,27.0,34.0,27.0,42.0,29.0,17.0,12.0,8.0,12.0,16.0,15.0
246,45,FELONY SEX CRIMES (3),31.0,26.0,18.0,17.0,9.0,13.0,9.0,10.0,7.0,10.0,6.0,7.0,2.0,8.0,10.0,14.0
247,45,FELONY DANGEROUS DRUGS  (1),51.0,85.0,98.0,62.0,105.0,103.0,144.0,192.0,140.0,115.0,108.0,124.0,95.0,48.0,59.0,52.0
248,45,FELONY DANGEROUS WEAPONS (2)        ,30.0,19.0,21.0,13.0,12.0,47.0,33.0,33.0,36.0,51.0,44.0,36.0,29.0,21.0,16.0,16.0
249,45,FEL. CRIMINAL MISCHIEF & RELATED OFFENSES  ,71.0,208.0,191.0,79.0,63.0,59.0,65.0,37.0,45.0,44.0,46.0,48.0,52.0,39.0,67.0,47.0
250,45,OTHER FELONIES (4),157.0,125.0,110.0,173.0,123.0,143.0,92.0,122.0,110.0,97.0,89.0,74.0,69.0,70.0,72.0,78.0
251,45,TOTAL NON-SEVEN MAJOR FELONY OFFENSES,456.0,569.0,530.0,463.0,546.0,545.0,523.0,559.0,568.0,487.0,452.0,481.0,380.0,306.0,363.0,342.0
252,46,FELONY POSSESSION STOLEN PROPERTY            ,51.0,81.0,86.0,42.0,30.0,43.0,25.0,25.0,18.0,15.0,13.0,23.0,12.0,11.0,21.0,4.0
253,46,FORGERY/THEFT-FRAUD/IDENTITY THEFT                ,116.0,289.0,308.0,295.0,228.0,295.0,305.0,277.0,244.0,190.0,170.0,156.0,166.0,138.0,184.0,188.0
254,46,ARSON                                 ,76.0,70.0,49.0,35.0,42.0,49.0,47.0,33.0,35.0,27.0,47.0,45.0,27.0,18.0,19.0,27.0
255,46,FELONY SEX CRIMES (3),46.0,48.0,40.0,38.0,30.0,27.0,29.0,36.0,21.0,23.0,23.0,27.0,28.0,20.0,19.0,19.0
256,46,FELONY DANGEROUS DRUGS  (1),1849.0,1816.0,1707.0,1353.0,1216.0,1526.0,1516.0,1544.0,1668.0,1291.0,989.0,933.0,909.0,791.0,840.0,620.0
257,46,FELONY DANGEROUS WEAPONS (2)        ,129.0,157.0,138.0,130.0,119.0,141.0,154.0,172.0,117.0,125.0,114.0,126.0,89.0,81.0,105.0,95.0
258,46,FEL. CRIMINAL MISCHIEF & RELATED OFFENSES  ,142.0,259.0,200.0,75.0,39.0,38.0,35.0,37.0,71.0,43.0,46.0,44.0,28.0,65.0,194.0,184.0
259,46,OTHER FELONIES (4),308.0,260.0,329.0,294.0,241.0,253.0,218.0,234.0,224.0,176.0,141.0,159.0,146.0,201.0,181.0,197.0
260,46,TOTAL NON-SEVEN MAJOR FELONY OFFENSES,2717.0,2980.0,2857.0,2262.0,1945.0,2372.0,2329.0,2358.0,2398.0,1890.0,1543.0,1513.0,1405.0,1325.0,1563.0,1334.0
261,47,FELONY POSSESSION STOLEN PROPERTY            ,51.0,60.0,44.0,59.0,36.0,26.0,30.0,25.0,27.0,15.0,16.0,12.0,14.0,6.0,11.0,29.0
262,47,FORGERY/THEFT-FRAUD/IDENTITY THEFT                ,79.0,90.0,79.0,96.0,237.0,181.0,131.0,162.0,116.0,61.0,110.0,79.0,168.0,131.0,123.0,159.0
263,47,ARSON                                 ,42.0,45.0,26.0,27.0,42.0,42.0,45.0,35.0,48.0,42.0,39.0,33.0,26.0,23.0,29.0,29.0
264,47,FELONY SEX CRIMES (3),43.0,43.0,23.0,20.0,39.0,21.0,11.0,19.0,23.0,10.0,15.0,17.0,17.0,15.0,17.0,25.0
265,47,FELONY DANGEROUS DRUGS  (1),824.0,657.0,616.0,591.0,542.0,492.0,543.0,761.0,633.0,560.0,440.0,289.0,297.0,278.0,342.0,247.0
266,47,FELONY DANGEROUS WEAPONS (2)        ,86.0,122.0,90.0,88.0,133.0,132.0,120.0,121.0,170.0,142.0,123.0,108.0,114.0,155.0,139.0,111.0
267,47,FEL. CRIMINAL MISCHIEF & RELATED OFFENSES  ,115.0,129.0,63.0,37.0,56.0,55.0,52.0,55.0,44.0,42.0,43.0,45.0,45.0,58.0,54.0,71.0
268,47,OTHER FELONIES (4),311.0,278.0,219.0,193.0,166.0,169.0,165.0,186.0,153.0,156.0,134.0,131.0,133.0,125.0,160.0,171.0
269,47,TOTAL NON-SEVEN MAJOR FELONY OFFENSES,1551.0,1424.0,1160.0,1111.0,1251.0,1118.0,1097.0,1364.0,1214.0,1028.0,920.0,714.0,814.0,791.0,875.0,842.0
270,48,FELONY POSSESSION STOLEN PROPERTY            ,47.0,37.0,51.0,40.0,18.0,11.0,16.0,25.0,18.0,11.0,18.0,14.0,13.0,10.0,6.0,6.0
271,48,FORGERY/THEFT-FRAUD/IDENTITY THEFT                ,77.0,96.0,99.0,115.0,233.0,124.0,98.0,112.0,148.0,133.0,126.0,84.0,76.0,73.0,45.0,86.0
272,48,ARSON                                 ,90.0,53.0,26.0,36.0,51.0,53.0,47.0,34.0,44.0,41.0,37.0,33.0,33.0,28.0,43.0,30.0
273,48,FELONY SEX CRIMES (3),39.0,31.0,26.0,30.0,14.0,16.0,14.0,21.0,11.0,12.0,22.0,15.0,19.0,15.0,14.0,15.0
274,48,FELONY DANGEROUS DRUGS  (1),1188.0,1017.0,698.0,609.0,755.0,745.0,794.0,969.0,979.0,1052.0,931.0,748.0,814.0,795.0,499.0,534.0
275,48,FELONY DANGEROUS WEAPONS (2)        ,62.0,79.0,57.0,33.0,39.0,48.0,81.0,95.0,120.0,186.0,207.0,163.0,137.0,96.0,104.0,76.0
276,48,FEL. CRIMINAL MISCHIEF & RELATED OFFENSES  ,112.0,211.0,128.0,115.0,162.0,98.0,54.0,52.0,28.0,55.0,65.0,82.0,41.0,57.0,82.0,130.0
277,48,OTHER FELONIES (4),234.0,223.0,187.0,219.0,184.0,119.0,108.0,146.0,134.0,141.0,196.0,158.0,141.0,134.0,148.0,115.0
278,48,TOTAL NON-SEVEN MAJOR FELONY OFFENSES,1849.0,1747.0,1272.0,1197.0,1456.0,1214.0,1212.0,1454.0,1482.0,1631.0,1602.0,1297.0,1274.0,1208.0,941.0,992.0
279,49,FELONY POSSESSION STOLEN PROPERTY            ,12.0,14.0,21.0,16.0,14.0,11.0,7.0,7.0,9.0,3.0,4.0,3.0,10.0,3.0,12.0,7.0
280,49,FORGERY/THEFT-FRAUD/IDENTITY THEFT                ,37.0,63.0,51.0,78.0,96.0,81.0,89.0,101.0,137.0,103.0,101.0,77.0,97.0,101.0,120.0,106.0
281,49,ARSON                                 ,33.0,25.0,16.0,15.0,21.0,25.0,17.0,31.0,28.0,21.0,21.0,19.0,19.0,10.0,17.0,10.0
282,49,FELONY SEX CRIMES (3),21.0,13.0,22.0,12.0,16.0,9.0,9.0,12.0,12.0,9.0,19.0,10.0,8.0,9.0,16.0,19.0
283,49,FELONY DANGEROUS DRUGS  (1),81.0,144.0,95.0,87.0,78.0,116.0,177.0,182.0,137.0,163.0,192.0,139.0,188.0,157.0,196.0,144.0
284,49,FELONY DANGEROUS WEAPONS (2)        ,26.0,20.0,17.0,21.0,25.0,18.0,22.0,32.0,23.0,36.0,44.0,44.0,42.0,48.0,40.0,50.0
285,49,FEL. CRIMINAL MISCHIEF & RELATED OFFENSES  ,257.0,245.0,221.0,111.0,103.0,56.0,39.0,44.0,45.0,48.0,66.0,45.0,58.0,29.0,66.0,70.0
286,49,OTHER FELONIES (4),178.0,143.0,174.0,93.0,90.0,62.0,106.0,94.0,82.0,101.0,114.0,70.0,78.0,72.0,86.0,105.0
287,49,TOTAL NON-SEVEN MAJOR FELONY OFFENSES,645.0,667.0,617.0,433.0,443.0,378.0,466.0,503.0,473.0,484.0,561.0,407.0,500.0,429.0,553.0,511.0
288,50,FELONY POSSESSION STOLEN PROPERTY            ,22.0,19.0,20.0,15.0,15.0,12.0,12.0,12.0,12.0,9.0,7.0,6.0,0.0,1.0,6.0,6.0
289,50,FORGERY/THEFT-FRAUD/IDENTITY THEFT                ,47.0,27.0,30.0,87.0,83.0,84.0,68.0,114.0,134.0,159.0,112.0,76.0,95.0,72.0,82.0,79.0
290,50,ARSON                                 ,24.0,26.0,2.0,7.0,18.0,10.0,16.0,13.0,19.0,22.0,17.0,4.0,12.0,7.0,10.0,5.0
291,50,FELONY SEX CRIMES (3),34.0,15.0,15.0,14.0,12.0,8.0,8.0,12.0,9.0,5.0,8.0,9.0,13.0,8.0,9.0,9.0
292,50,FELONY DANGEROUS DRUGS  (1),83.0,80.0,70.0,99.0,58.0,109.0,109.0,210.0,168.0,151.0,99.0,129.0,118.0,118.0,103.0,145.0
293,50,FELONY DANGEROUS WEAPONS (2)        ,24.0,37.0,19.0,12.0,22.0,26.0,18.0,29.0,24.0,59.0,20.0,13.0,26.0,19.0,21.0,21.0
294,50,FEL. CRIMINAL MISCHIEF & RELATED OFFENSES  ,134.0,180.0,125.0,73.0,112.0,115.0,127.0,129.0,97.0,102.0,74.0,100.0,87.0,78.0,91.0,93.0
295,50,OTHER FELONIES (4),123.0,88.0,84.0,113.0,85.0,68.0,47.0,47.0,65.0,65.0,49.0,45.0,36.0,41.0,55.0,39.0
296,50,TOTAL NON-SEVEN MAJOR FELONY OFFENSES,491.0,472.0,365.0,420.0,405.0,432.0,405.0,566.0,528.0,572.0,386.0,382.0,387.0,344.0,377.0,397.0
297,52,FELONY POSSESSION STOLEN PROPERTY            ,70.0,47.0,39.0,41.0,31.0,40.0,23.0,18.0,28.0,11.0,12.0,29.0,11.0,10.0,10.0,12.0
298,52,FORGERY/THEFT-FRAUD/IDENTITY THEFT                ,202.0,169.0,124.0,132.0,189.0,196.0,223.0,292.0,220.0,189.0,146.0,228.0,382.0,255.0,268.0,222.0
299,52,ARSON                                 ,49.0,42.0,22.0,29.0,30.0,33.0,38.0,21.0,27.0,25.0,16.0,17.0,22.0,14.0,10.0,12.0
300,52,FELONY SEX CRIMES (3),41.0,47.0,36.0,43.0,25.0,21.0,14.0,20.0,18.0,27.0,16.0,20.0,19.0,21.0,23.0,21.0
301,52,FELONY DANGEROUS DRUGS  (1),1146.0,789.0,720.0,690.0,741.0,882.0,1008.0,1171.0,1061.0,1073.0,954.0,741.0,777.0,768.0,580.0,455.0
302,52,FELONY DANGEROUS WEAPONS (2)        ,76.0,68.0,79.0,55.0,79.0,63.0,97.0,100.0,113.0,144.0,170.0,145.0,114.0,134.0,110.0,105.0
303,52,FEL. CRIMINAL MISCHIEF & RELATED OFFENSES  ,251.0,223.0,118.0,120.0,131.0,89.0,102.0,116.0,119.0,91.0,100.0,80.0,95.0,92.0,101.0,133.0
304,52,OTHER FELONIES (4),266.0,280.0,208.0,258.0,314.0,247.0,227.0,233.0,257.0,243.0,219.0,188.0,151.0,145.0,191.0,174.0
305,52,TOTAL NON-SEVEN MAJOR FELONY OFFENSES,2101.0,1665.0,1346.0,1368.0,1540.0,1571.0,1732.0,1971.0,1843.0,1803.0,1633.0,1448.0,1571.0,1439.0,1293.0,1134.0
306,60,FELONY POSSESSION STOLEN PROPERTY            ,7.0,26.0,6.0,17.0,9.0,7.0,9.0,13.0,11.0,3.0,12.0,11.0,4.0,3.0,9.0,6.0
307,60,FORGERY/THEFT-FRAUD/IDENTITY THEFT                ,84.0,53.0,67.0,91.0,140.0,88.0,81.0,83.0,95.0,88.0,105.0,122.0,83.0,67.0,77.0,124.0
308,60,ARSON                                 ,89.0,59.0,56.0,41.0,36.0,39.0,55.0,54.0,64.0,56.0,29.0,44.0,38.0,25.0,18.0,16.0
309,60,FELONY SEX CRIMES (3),28.0,30.0,23.0,19.0,20.0,13.0,19.0,19.0,14.0,11.0,15.0,8.0,17.0,9.0,12.0,16.0
310,60,FELONY DANGEROUS DRUGS  (1),509.0,380.0,284.0,194.0,398.0,484.0,556.0,484.0,310.0,341.0,325.0,261.0,199.0,220.0,273.0,293.0
311,60,FELONY DANGEROUS WEAPONS (2)        ,41.0,34.0,20.0,11.0,24.0,26.0,25.0,43.0,54.0,75.0,88.0,42.0,78.0,80.0,54.0,89.0
312,60,FEL. CRIMINAL MISCHIEF & RELATED OFFENSES  ,185.0,182.0,125.0,131.0,129.0,110.0,138.0,142.0,140.0,119.0,132.0,120.0,125.0,103.0,107.0,161.0
313,60,OTHER FELONIES (4),178.0,173.0,228.0,175.0,154.0,186.0,144.0,139.0,198.0,179.0,158.0,178.0,158.0,155.0,207.0,233.0
314,60,TOTAL NON-SEVEN MAJOR FELONY OFFENSES,1121.0,937.0,809.0,679.0,910.0,953.0,1027.0,977.0,886.0,872.0,864.0,786.0,702.0,662.0,757.0,938.0
315,61,FELONY POSSESSION STOLEN PROPERTY            ,7.0,6.0,28.0,12.0,8.0,9.0,15.0,12.0,10.0,10.0,7.0,8.0,6.0,11.0,11.0,9.0
316,61,FORGERY/THEFT-FRAUD/IDENTITY THEFT                ,62.0,65.0,58.0,189.0,162.0,151.0,196.0,161.0,160.0,205.0,151.0,139.0,111.0,101.0,92.0,76.0
317,61,ARSON                                 ,52.0,36.0,48.0,36.0,35.0,35.0,18.0,22.0,30.0,20.0,17.0,13.0,13.0,13.0,16.0,14.0
318,61,FELONY SEX CRIMES (3),18.0,17.0,16.0,17.0,14.0,9.0,11.0,6.0,4.0,11.0,12.0,9.0,19.0,12.0,10.0,6.0
319,61,FELONY DANGEROUS DRUGS  (1),177.0,99.0,118.0,127.0,163.0,274.0,243.0,234.0,183.0,165.0,130.0,106.0,161.0,200.0,179.0,166.0
320,61,FELONY DANGEROUS WEAPONS (2)        ,11.0,18.0,9.0,10.0,9.0,27.0,24.0,38.0,42.0,37.0,33.0,32.0,32.0,26.0,39.0,28.0
321,61,FEL. CRIMINAL MISCHIEF & RELATED OFFENSES  ,416.0,431.0,452.0,389.0,311.0,194.0,154.0,174.0,174.0,149.0,101.0,104.0,149.0,123.0,129.0,138.0
322,61,OTHER FELONIES (4),110.0,126.0,184.0,119.0,131.0,125.0,148.0,148.0,126.0,132.0,143.0,114.0,143.0,195.0,189.0,144.0
323,61,TOTAL NON-SEVEN MAJOR FELONY OFFENSES,853.0,798.0,913.0,899.0,833.0,824.0,809.0,795.0,729.0,729.0,594.0,525.0,634.0,681.0,665.0,581.0
324,62,FELONY POSSESSION STOLEN PROPERTY            ,1.0,7.0,6.0,8.0,2.0,2.0,5.0,2.0,5.0,5.0,7.0,5.0,2.0,2.0,6.0,8.0
325,62,FORGERY/THEFT-FRAUD/IDENTITY THEFT                ,25.0,42.0,56.0,75.0,146.0,185.0,222.0,171.0,149.0,108.0,86.0,156.0,156.0,124.0,141.0,145.0
326,62,ARSON                                 ,67.0,52.0,25.0,17.0,20.0,28.0,29.0,20.0,31.0,18.0,18.0,16.0,16.0,6.0,9.0,6.0
327,62,FELONY SEX CRIMES (3),31.0,8.0,14.0,13.0,12.0,10.0,11.0,17.0,9.0,9.0,8.0,16.0,18.0,4.0,10.0,9.0
328,62,FELONY DANGEROUS DRUGS  (1),107.0,89.0,62.0,54.0,94.0,96.0,124.0,200.0,139.0,97.0,129.0,95.0,103.0,143.0,142.0,144.0
329,62,FELONY DANGEROUS WEAPONS (2)        ,9.0,12.0,10.0,5.0,10.0,44.0,29.0,58.0,108.0,63.0,33.0,20.0,31.0,23.0,15.0,35.0
330,62,FEL. CRIMINAL MISCHIEF & RELATED OFFENSES  ,184.0,241.0,171.0,95.0,127.0,121.0,111.0,83.0,118.0,80.0,37.0,34.0,43.0,79.0,71.0,132.0
331,62,OTHER FELONIES (4),181.0,154.0,115.0,126.0,123.0,179.0,160.0,171.0,146.0,175.0,149.0,183.0,153.0,146.0,167.0,242.0
332,62,TOTAL NON-SEVEN MAJOR FELONY OFFENSES,605.0,605.0,459.0,393.0,534.0,665.0,691.0,722.0,705.0,555.0,467.0,525.0,522.0,527.0,561.0,721.0
333,63,FELONY POSSESSION STOLEN PROPERTY            ,11.0,8.0,11.0,13.0,4.0,5.0,1.0,7.0,5.0,5.0,2.0,9.0,3.0,4.0,12.0,6.0
334,63,FORGERY/THEFT-FRAUD/IDENTITY THEFT                ,45.0,43.0,34.0,96.0,255.0,193.0,173.0,175.0,136.0,64.0,85.0,139.0,145.0,164.0,103.0,134.0
335,63,ARSON                                 ,28.0,25.0,20.0,8.0,14.0,19.0,18.0,18.0,25.0,19.0,10.0,9.0,8.0,13.0,8.0,6.0
336,63,FELONY SEX CRIMES (3),21.0,19.0,9.0,6.0,6.0,9.0,8.0,5.0,9.0,4.0,14.0,12.0,11.0,7.0,3.0,7.0
337,63,FELONY DANGEROUS DRUGS  (1),48.0,74.0,69.0,50.0,87.0,83.0,29.0,67.0,48.0,16.0,40.0,49.0,84.0,53.0,69.0,40.0
338,63,FELONY DANGEROUS WEAPONS (2)        ,8.0,18.0,6.0,15.0,13.0,7.0,20.0,26.0,40.0,46.0,34.0,44.0,60.0,31.0,39.0,32.0
339,63,FEL. CRIMINAL MISCHIEF & RELATED OFFENSES  ,202.0,227.0,77.0,53.0,66.0,40.0,42.0,64.0,89.0,53.0,48.0,47.0,101.0,85.0,68.0,84.0
340,63,OTHER FELONIES (4),66.0,112.0,188.0,144.0,114.0,87.0,124.0,105.0,153.0,94.0,118.0,115.0,135.0,142.0,121.0,139.0
341,63,TOTAL NON-SEVEN MAJOR FELONY OFFENSES,429.0,526.0,414.0,385.0,559.0,443.0,415.0,467.0,505.0,301.0,351.0,424.0,547.0,499.0,423.0,448.0
342,66,FELONY POSSESSION STOLEN PROPERTY            ,7.0,9.0,10.0,6.0,7.0,7.0,4.0,2.0,1.0,1.0,7.0,3.0,2.0,1.0,0.0,8.0
343,66,FORGERY/THEFT-FRAUD/IDENTITY THEFT                ,32.0,44.0,40.0,50.0,98.0,98.0,83.0,77.0,80.0,62.0,70.0,82.0,96.0,88.0,80.0,66.0
344,66,ARSON                                 ,40.0,41.0,40.0,22.0,33.0,17.0,16.0,19.0,13.0,18.0,22.0,14.0,10.0,6.0,5.0,8.0
345,66,FELONY SEX CRIMES (3),20.0,30.0,12.0,16.0,9.0,8.0,17.0,20.0,17.0,10.0,11.0,14.0,23.0,9.0,14.0,16.0
346,66,FELONY DANGEROUS DRUGS  (1),108.0,105.0,47.0,28.0,98.0,117.0,141.0,117.0,55.0,43.0,61.0,65.0,49.0,72.0,29.0,49.0
347,66,FELONY DANGEROUS WEAPONS (2)        ,14.0,10.0,2.0,1.0,6.0,5.0,12.0,10.0,14.0,11.0,11.0,9.0,15.0,14.0,10.0,7.0
348,66,FEL. CRIMINAL MISCHIEF & RELATED OFFENSES  ,118.0,100.0,82.0,62.0,45.0,75.0,51.0,49.0,51.0,66.0,43.0,60.0,59.0,58.0,89.0,115.0
349,66,OTHER FELONIES (4),134.0,150.0,192.0,115.0,141.0,122.0,106.0,119.0,115.0,107.0,136.0,119.0,136.0,129.0,123.0,114.0
350,66,TOTAL NON-SEVEN MAJOR FELONY OFFENSES,473.0,489.0,425.0,300.0,437.0,449.0,430.0,413.0,346.0,318.0,361.0,366.0,390.0,377.0,350.0,383.0
351,67,FELONY POSSESSION STOLEN PROPERTY            ,28.0,42.0,29.0,32.0,16.0,10.0,12.0,25.0,15.0,23.0,10.0,15.0,15.0,10.0,34.0,28.0
352,67,FORGERY/THEFT-FRAUD/IDENTITY THEFT                ,154.0,254.0,150.0,120.0,330.0,308.0,337.0,305.0,258.0,169.0,188.0,157.0,164.0,184.0,209.0,382.0
353,67,ARSON                                 ,49.0,31.0,36.0,31.0,22.0,22.0,21.0,50.0,33.0,32.0,25.0,25.0,31.0,27.0,23.0,32.0
354,67,FELONY SEX CRIMES (3),40.0,51.0,49.0,24.0,32.0,19.0,25.0,23.0,25.0,23.0,24.0,19.0,47.0,23.0,23.0,19.0
355,67,FELONY DANGEROUS DRUGS  (1),640.0,417.0,320.0,180.0,241.0,389.0,320.0,375.0,324.0,234.0,209.0,279.0,216.0,211.0,193.0,146.0
356,67,FELONY DANGEROUS WEAPONS (2)        ,102.0,109.0,62.0,112.0,139.0,120.0,163.0,248.0,194.0,231.0,223.0,199.0,202.0,152.0,111.0,108.0
357,67,FEL. CRIMINAL MISCHIEF & RELATED OFFENSES  ,145.0,339.0,137.0,129.0,151.0,138.0,156.0,140.0,162.0,140.0,151.0,167.0,171.0,237.0,244.0,207.0
358,67,OTHER FELONIES (4),299.0,339.0,542.0,404.0,347.0,330.0,317.0,302.0,265.0,321.0,328.0,338.0,348.0,418.0,443.0,472.0
359,67,TOTAL NON-SEVEN MAJOR FELONY OFFENSES,1457.0,1582.0,1325.0,1032.0,1278.0,1336.0,1351.0,1468.0,1276.0,1173.0,1158.0,1199.0,1194.0,1262.0,1280.0,1394.0
360,68,FELONY POSSESSION STOLEN PROPERTY            ,10.0,10.0,8.0,4.0,5.0,3.0,3.0,3.0,3.0,2.0,6.0,2.0,1.0,4.0,2.0,7.0
361,68,FORGERY/THEFT-FRAUD/IDENTITY THEFT                ,50.0,27.0,57.0,41.0,101.0,102.0,86.0,101.0,121.0,122.0,80.0,84.0,69.0,110.0,88.0,100.0
362,68,ARSON                                 ,26.0,31.0,16.0,12.0,9.0,18.0,23.0,16.0,17.0,15.0,15.0,9.0,14.0,7.0,11.0,7.0
363,68,FELONY SEX CRIMES (3),9.0,11.0,5.0,19.0,17.0,11.0,16.0,11.0,9.0,6.0,5.0,10.0,14.0,6.0,7.0,7.0
364,68,FELONY DANGEROUS DRUGS  (1),132.0,73.0,59.0,31.0,61.0,63.0,147.0,229.0,96.0,83.0,100.0,84.0,76.0,93.0,97.0,94.0
365,68,FELONY DANGEROUS WEAPONS (2)        ,10.0,14.0,6.0,2.0,5.0,5.0,8.0,10.0,9.0,11.0,5.0,7.0,3.0,16.0,29.0,25.0
366,68,FEL. CRIMINAL MISCHIEF & RELATED OFFENSES  ,248.0,278.0,144.0,136.0,180.0,130.0,150.0,155.0,95.0,77.0,72.0,90.0,80.0,94.0,115.0,98.0
367,68,OTHER FELONIES (4),132.0,114.0,172.0,108.0,140.0,143.0,124.0,117.0,104.0,121.0,96.0,106.0,148.0,144.0,157.0,140.0
368,68,TOTAL NON-SEVEN MAJOR FELONY OFFENSES,617.0,558.0,467.0,353.0,518.0,475.0,557.0,642.0,454.0,437.0,379.0,392.0,405.0,474.0,506.0,478.0
369,69,FELONY POSSESSION STOLEN PROPERTY            ,40.0,22.0,17.0,7.0,6.0,9.0,12.0,7.0,4.0,4.0,4.0,3.0,16.0,16.0,19.0,9.0
370,69,FORGERY/THEFT-FRAUD/IDENTITY THEFT                ,67.0,61.0,51.0,72.0,92.0,86.0,76.0,84.0,106.0,104.0,104.0,125.0,89.0,92.0,165.0,116.0
371,69,ARSON                                 ,21.0,28.0,13.0,15.0,13.0,21.0,10.0,14.0,20.0,23.0,13.0,22.0,14.0,13.0,12.0,7.0
372,69,FELONY SEX CRIMES (3),25.0,42.0,18.0,10.0,16.0,12.0,9.0,12.0,14.0,9.0,16.0,8.0,16.0,6.0,9.0,9.0
373,69,FELONY DANGEROUS DRUGS  (1),72.0,57.0,59.0,32.0,93.0,107.0,138.0,161.0,126.0,82.0,67.0,110.0,112.0,70.0,87.0,67.0
374,69,FELONY DANGEROUS WEAPONS (2)        ,31.0,28.0,31.0,22.0,24.0,52.0,68.0,54.0,80.0,85.0,65.0,78.0,87.0,57.0,64.0,59.0
375,69,FEL. CRIMINAL MISCHIEF & RELATED OFFENSES  ,168.0,155.0,64.0,50.0,45.0,85.0,95.0,197.0,149.0,102.0,79.0,75.0,57.0,55.0,79.0,73.0
376,69,OTHER FELONIES (4),143.0,134.0,201.0,180.0,117.0,163.0,150.0,134.0,114.0,131.0,101.0,121.0,134.0,147.0,173.0,198.0
377,69,TOTAL NON-SEVEN MAJOR FELONY OFFENSES,567.0,527.0,454.0,388.0,406.0,535.0,558.0,663.0,613.0,540.0,449.0,542.0,525.0,456.0,608.0,538.0
378,70,FELONY POSSESSION STOLEN PROPERTY            ,22.0,31.0,37.0,23.0,21.0,9.0,14.0,20.0,24.0,17.0,19.0,20.0,14.0,13.0,15.0,11.0
379,70,FORGERY/THEFT-FRAUD/IDENTITY THEFT                ,119.0,118.0,189.0,143.0,270.0,175.0,226.0,251.0,244.0,205.0,165.0,125.0,95.0,113.0,188.0,211.0
380,70,ARSON                                 ,25.0,28.0,17.0,25.0,27.0,24.0,12.0,18.0,21.0,18.0,21.0,19.0,18.0,18.0,8.0,15.0
381,70,FELONY SEX CRIMES (3),39.0,36.0,27.0,29.0,21.0,42.0,36.0,30.0,22.0,19.0,19.0,27.0,33.0,24.0,19.0,17.0
382,70,FELONY DANGEROUS DRUGS  (1),358.0,327.0,294.0,233.0,351.0,479.0,452.0,449.0,277.0,258.0,263.0,303.0,305.0,233.0,138.0,143.0
383,70,FELONY DANGEROUS WEAPONS (2)        ,41.0,64.0,39.0,40.0,33.0,38.0,70.0,84.0,92.0,111.0,94.0,80.0,68.0,56.0,63.0,59.0
384,70,FEL. CRIMINAL MISCHIEF & RELATED OFFENSES  ,176.0,142.0,63.0,54.0,80.0,109.0,132.0,214.0,250.0,192.0,172.0,136.0,96.0,103.0,132.0,155.0
385,70,OTHER FELONIES (4),138.0,195.0,301.0,311.0,235.0,241.0,261.0,286.0,256.0,261.0,225.0,263.0,223.0,294.0,351.0,334.0
386,70,TOTAL NON-SEVEN MAJOR FELONY OFFENSES,918.0,941.0,967.0,858.0,1038.0,1117.0,1203.0,1352.0,1186.0,1081.0,978.0,973.0,852.0,854.0,914.0,945.0
387,71,FELONY POSSESSION STOLEN PROPERTY            ,16.0,22.0,16.0,13.0,13.0,15.0,12.0,15.0,12.0,12.0,8.0,16.0,20.0,9.0,14.0,13.0
388,71,FORGERY/THEFT-FRAUD/IDENTITY THEFT                ,100.0,118.0,87.0,106.0,189.0,181.0,148.0,225.0,122.0,163.0,139.0,163.0,148.0,132.0,191.0,177.0
389,71,ARSON                                 ,33.0,31.0,27.0,29.0,28.0,37.0,29.0,20.0,15.0,20.0,19.0,16.0,23.0,11.0,13.0,13.0
390,71,FELONY SEX CRIMES (3),43.0,23.0,26.0,17.0,23.0,12.0,10.0,19.0,9.0,15.0,14.0,21.0,24.0,13.0,18.0,12.0
391,71,FELONY DANGEROUS DRUGS  (1),345.0,277.0,230.0,130.0,219.0,309.0,368.0,348.0,198.0,181.0,186.0,193.0,183.0,166.0,132.0,90.0
392,71,FELONY DANGEROUS WEAPONS (2)        ,69.0,71.0,46.0,41.0,50.0,70.0,81.0,84.0,63.0,110.0,140.0,90.0,71.0,54.0,55.0,63.0
393,71,FEL. CRIMINAL MISCHIEF & RELATED OFFENSES  ,241.0,292.0,233.0,136.0,150.0,98.0,112.0,95.0,125.0,98.0,111.0,78.0,67.0,109.0,103.0,140.0
394,71,OTHER FELONIES (4),274.0,237.0,332.0,202.0,218.0,172.0,170.0,173.0,192.0,199.0,182.0,183.0,223.0,226.0,242.0,251.0
395,71,TOTAL NON-SEVEN MAJOR FELONY OFFENSES,1121.0,1071.0,997.0,674.0,890.0,894.0,930.0,979.0,736.0,798.0,799.0,760.0,759.0,720.0,768.0,759.0
396,72,FELONY POSSESSION STOLEN PROPERTY            ,5.0,10.0,17.0,11.0,4.0,6.0,8.0,5.0,9.0,1.0,6.0,2.0,1.0,2.0,11.0,5.0
397,72,FORGERY/THEFT-FRAUD/IDENTITY THEFT                ,50.0,59.0,63.0,94.0,125.0,109.0,164.0,195.0,166.0,121.0,153.0,124.0,113.0,91.0,63.0,59.0
398,72,ARSON                                 ,40.0,39.0,37.0,23.0,20.0,38.0,22.0,13.0,30.0,9.0,18.0,14.0,16.0,9.0,5.0,4.0
399,72,FELONY SEX CRIMES (3),28.0,29.0,16.0,17.0,8.0,9.0,11.0,12.0,11.0,9.0,7.0,14.0,18.0,16.0,22.0,10.0
400,72,FELONY DANGEROUS DRUGS  (1),652.0,487.0,273.0,221.0,272.0,294.0,299.0,208.0,330.0,289.0,228.0,166.0,120.0,139.0,123.0,102.0
401,72,FELONY DANGEROUS WEAPONS (2)        ,25.0,20.0,15.0,27.0,14.0,17.0,7.0,23.0,23.0,51.0,59.0,35.0,21.0,25.0,56.0,71.0
402,72,FEL. CRIMINAL MISCHIEF & RELATED OFFENSES  ,110.0,132.0,178.0,124.0,85.0,72.0,86.0,47.0,92.0,64.0,84.0,92.0,79.0,95.0,114.0,171.0
403,72,OTHER FELONIES (4),122.0,173.0,183.0,158.0,154.0,133.0,125.0,124.0,146.0,144.0,157.0,142.0,154.0,152.0,138.0,165.0
404,72,TOTAL NON-SEVEN MAJOR FELONY OFFENSES,1032.0,949.0,782.0,675.0,682.0,678.0,722.0,627.0,807.0,688.0,712.0,589.0,522.0,529.0,532.0,587.0
405,73,FELONY POSSESSION STOLEN PROPERTY            ,93.0,89.0,53.0,27.0,41.0,30.0,29.0,23.0,13.0,17.0,17.0,5.0,12.0,8.0,43.0,41.0
406,73,FORGERY/THEFT-FRAUD/IDENTITY THEFT                ,66.0,54.0,50.0,96.0,164.0,174.0,148.0,121.0,183.0,133.0,146.0,202.0,335.0,206.0,145.0,217.0
407,73,ARSON                                 ,48.0,43.0,39.0,35.0,39.0,42.0,47.0,59.0,35.0,44.0,43.0,36.0,39.0,28.0,35.0,19.0
408,73,FELONY SEX CRIMES (3),51.0,42.0,35.0,25.0,42.0,28.0,27.0,23.0,27.0,20.0,30.0,21.0,46.0,24.0,26.0,23.0
409,73,FELONY DANGEROUS DRUGS  (1),605.0,509.0,472.0,354.0,479.0,739.0,702.0,813.0,697.0,687.0,788.0,829.0,589.0,454.0,489.0,402.0
410,73,FELONY DANGEROUS WEAPONS (2)        ,126.0,174.0,102.0,94.0,98.0,165.0,181.0,243.0,197.0,199.0,164.0,179.0,256.0,311.0,308.0,351.0
411,73,FEL. CRIMINAL MISCHIEF & RELATED OFFENSES  ,182.0,246.0,177.0,194.0,202.0,191.0,157.0,172.0,180.0,180.0,165.0,189.0,238.0,159.0,215.0,205.0
412,73,OTHER FELONIES (4),382.0,395.0,433.0,415.0,382.0,333.0,291.0,338.0,366.0,398.0,393.0,459.0,478.0,545.0,538.0,501.0
413,73,TOTAL NON-SEVEN MAJOR FELONY OFFENSES,1553.0,1552.0,1361.0,1240.0,1447.0,1702.0,1582.0,1792.0,1698.0,1678.0,1746.0,1920.0,1993.0,1735.0,1799.0,1759.0
414,75,FELONY POSSESSION STOLEN PROPERTY            ,103.0,109.0,78.0,82.0,74.0,113.0,79.0,66.0,57.0,53.0,36.0,41.0,18.0,23.0,44.0,51.0
415,75,FORGERY/THEFT-FRAUD/IDENTITY THEFT                ,79.0,148.0,257.0,294.0,326.0,309.0,365.0,363.0,295.0,350.0,291.0,330.0,264.0,264.0,312.0,326.0
416,75,ARSON                                 ,147.0,143.0,113.0,87.0,76.0,73.0,65.0,66.0,98.0,69.0,72.0,54.0,49.0,72.0,53.0,52.0
417,75,FELONY SEX CRIMES (3),96.0,73.0,61.0,45.0,94.0,64.0,50.0,37.0,30.0,41.0,43.0,56.0,58.0,35.0,32.0,26.0
418,75,FELONY DANGEROUS DRUGS  (1),1440.0,1270.0,870.0,673.0,871.0,1113.0,1089.0,1217.0,1059.0,833.0,767.0,846.0,787.0,735.0,603.0,650.0
419,75,FELONY DANGEROUS WEAPONS (2)        ,170.0,154.0,178.0,144.0,149.0,202.0,209.0,180.0,162.0,221.0,241.0,270.0,318.0,292.0,291.0,379.0
420,75,FEL. CRIMINAL MISCHIEF & RELATED OFFENSES  ,549.0,501.0,317.0,232.0,279.0,277.0,179.0,197.0,252.0,211.0,175.0,191.0,273.0,363.0,388.0,277.0
421,75,OTHER FELONIES (4),546.0,628.0,700.0,688.0,639.0,625.0,528.0,564.0,573.0,702.0,645.0,783.0,781.0,729.0,761.0,672.0
422,75,TOTAL NON-SEVEN MAJOR FELONY OFFENSES,3130.0,3026.0,2574.0,2245.0,2508.0,2776.0,2564.0,2690.0,2526.0,2480.0,2270.0,2571.0,2548.0,2513.0,2484.0,2433.0
423,76,FELONY POSSESSION STOLEN PROPERTY            ,14.0,12.0,15.0,21.0,10.0,11.0,6.0,5.0,9.0,0.0,0.0,4.0,1.0,2.0,18.0,8.0
424,76,FORGERY/THEFT-FRAUD/IDENTITY THEFT                ,11.0,18.0,19.0,34.0,56.0,52.0,78.0,74.0,57.0,50.0,57.0,49.0,48.0,43.0,46.0,57.0
425,76,ARSON                                 ,13.0,19.0,12.0,12.0,18.0,13.0,15.0,11.0,18.0,10.0,10.0,17.0,12.0,11.0,16.0,9.0
426,76,FELONY SEX CRIMES (3),8.0,16.0,8.0,2.0,7.0,4.0,2.0,6.0,3.0,4.0,6.0,2.0,6.0,7.0,2.0,5.0
427,76,FELONY DANGEROUS DRUGS  (1),208.0,228.0,188.0,163.0,210.0,294.0,308.0,268.0,250.0,208.0,181.0,139.0,174.0,135.0,104.0,69.0
428,76,FELONY DANGEROUS WEAPONS (2)        ,26.0,14.0,5.0,8.0,12.0,8.0,12.0,19.0,20.0,33.0,16.0,17.0,15.0,11.0,18.0,26.0
429,76,FEL. CRIMINAL MISCHIEF & RELATED OFFENSES  ,59.0,49.0,31.0,33.0,36.0,21.0,36.0,15.0,17.0,17.0,9.0,15.0,22.0,33.0,38.0,42.0
430,76,OTHER FELONIES (4),72.0,84.0,94.0,108.0,104.0,75.0,61.0,67.0,72.0,76.0,56.0,62.0,79.0,73.0,77.0,67.0
431,76,TOTAL NON-SEVEN MAJOR FELONY OFFENSES,411.0,440.0,372.0,381.0,453.0,478.0,518.0,465.0,446.0,398.0,335.0,305.0,357.0,315.0,319.0,283.0
432,77,FELONY POSSESSION STOLEN PROPERTY            ,40.0,58.0,36.0,39.0,32.0,22.0,23.0,22.0,21.0,15.0,21.0,29.0,17.0,12.0,23.0,18.0
433,77,FORGERY/THEFT-FRAUD/IDENTITY THEFT                ,72.0,72.0,126.0,134.0,203.0,250.0,230.0,204.0,208.0,96.0,97.0,94.0,105.0,117.0,109.0,132.0
434,77,ARSON                                 ,39.0,38.0,27.0,24.0,27.0,35.0,27.0,23.0,27.0,14.0,21.0,16.0,9.0,20.0,17.0,12.0
435,77,FELONY SEX CRIMES (3),39.0,33.0,29.0,18.0,16.0,14.0,19.0,18.0,17.0,12.0,16.0,20.0,34.0,14.0,16.0,12.0
436,77,FELONY DANGEROUS DRUGS  (1),642.0,561.0,406.0,392.0,374.0,628.0,888.0,906.0,798.0,635.0,505.0,531.0,387.0,275.0,311.0,183.0
437,77,FELONY DANGEROUS WEAPONS (2)        ,137.0,145.0,146.0,100.0,104.0,140.0,122.0,127.0,114.0,121.0,99.0,129.0,98.0,93.0,96.0,79.0
438,77,FEL. CRIMINAL MISCHIEF & RELATED OFFENSES  ,187.0,281.0,177.0,170.0,147.0,138.0,112.0,142.0,88.0,83.0,134.0,158.0,199.0,178.0,215.0,208.0
439,77,OTHER FELONIES (4),319.0,328.0,306.0,281.0,194.0,243.0,196.0,202.0,201.0,253.0,210.0,244.0,253.0,299.0,300.0,280.0
440,77,TOTAL NON-SEVEN MAJOR FELONY OFFENSES,1475.0,1516.0,1253.0,1158.0,1097.0,1470.0,1617.0,1644.0,1474.0,1229.0,1103.0,1221.0,1102.0,1008.0,1087.0,924.0
441,78,FELONY POSSESSION STOLEN PROPERTY            ,4.0,1.0,3.0,1.0,5.0,4.0,3.0,5.0,4.0,5.0,3.0,1.0,4.0,3.0,21.0,5.0
442,78,FORGERY/THEFT-FRAUD/IDENTITY THEFT                ,20.0,36.0,31.0,32.0,96.0,122.0,99.0,64.0,78.0,53.0,71.0,71.0,80.0,77.0,82.0,87.0
443,78,ARSON                                 ,18.0,11.0,8.0,12.0,5.0,12.0,8.0,9.0,15.0,7.0,8.0,5.0,7.0,3.0,6.0,3.0
444,78,FELONY SEX CRIMES (3),13.0,7.0,2.0,9.0,6.0,3.0,3.0,6.0,4.0,5.0,11.0,6.0,7.0,2.0,4.0,4.0
445,78,FELONY DANGEROUS DRUGS  (1),99.0,64.0,56.0,36.0,72.0,123.0,135.0,109.0,145.0,108.0,70.0,61.0,53.0,66.0,43.0,54.0
446,78,FELONY DANGEROUS WEAPONS (2)        ,7.0,5.0,3.0,2.0,11.0,12.0,15.0,8.0,9.0,13.0,8.0,8.0,5.0,19.0,29.0,33.0
447,78,FEL. CRIMINAL MISCHIEF & RELATED OFFENSES  ,97.0,135.0,24.0,24.0,27.0,36.0,33.0,30.0,29.0,19.0,27.0,19.0,20.0,27.0,33.0,44.0
448,78,OTHER FELONIES (4),69.0,55.0,53.0,47.0,48.0,47.0,50.0,51.0,60.0,51.0,43.0,35.0,48.0,57.0,54.0,53.0
449,78,TOTAL NON-SEVEN MAJOR FELONY OFFENSES,327.0,314.0,180.0,163.0,270.0,359.0,346.0,282.0,344.0,261.0,241.0,206.0,224.0,254.0,272.0,283.0
450,79,FELONY POSSESSION STOLEN PROPERTY            ,48.0,51.0,35.0,35.0,31.0,28.0,20.0,23.0,17.0,14.0,10.0,20.0,13.0,10.0,35.0,23.0
451,79,FORGERY/THEFT-FRAUD/IDENTITY THEFT                ,98.0,79.0,84.0,81.0,147.0,177.0,118.0,159.0,147.0,84.0,97.0,105.0,133.0,142.0,122.0,166.0
452,79,ARSON                                 ,65.0,66.0,43.0,40.0,56.0,56.0,34.0,25.0,33.0,28.0,33.0,35.0,30.0,26.0,18.0,11.0
453,79,FELONY SEX CRIMES (3),42.0,53.0,27.0,31.0,29.0,20.0,26.0,26.0,18.0,13.0,22.0,19.0,36.0,19.0,14.0,19.0
454,79,FELONY DANGEROUS DRUGS  (1),739.0,733.0,689.0,374.0,387.0,572.0,742.0,768.0,782.0,714.0,484.0,442.0,384.0,470.0,353.0,270.0
455,79,FELONY DANGEROUS WEAPONS (2)        ,89.0,94.0,93.0,99.0,78.0,119.0,89.0,130.0,102.0,115.0,106.0,122.0,122.0,149.0,113.0,115.0
456,79,FEL. CRIMINAL MISCHIEF & RELATED OFFENSES  ,164.0,321.0,136.0,44.0,76.0,70.0,74.0,83.0,97.0,103.0,119.0,138.0,119.0,155.0,170.0,161.0
457,79,OTHER FELONIES (4),464.0,400.0,414.0,366.0,312.0,339.0,296.0,301.0,392.0,357.0,375.0,313.0,324.0,328.0,329.0,288.0
458,79,TOTAL NON-SEVEN MAJOR FELONY OFFENSES,1709.0,1797.0,1521.0,1070.0,1116.0,1381.0,1399.0,1515.0,1588.0,1428.0,1246.0,1194.0,1161.0,1299.0,1154.0,1053.0
459,81,FELONY POSSESSION STOLEN PROPERTY            ,34.0,32.0,20.0,25.0,11.0,9.0,12.0,7.0,7.0,11.0,14.0,7.0,10.0,14.0,32.0,5.0
460,81,FORGERY/THEFT-FRAUD/IDENTITY THEFT                ,50.0,37.0,21.0,36.0,109.0,131.0,85.0,101.0,129.0,96.0,87.0,77.0,80.0,86.0,83.0,105.0
461,81,ARSON                                 ,20.0,33.0,28.0,27.0,23.0,34.0,27.0,18.0,37.0,17.0,22.0,21.0,20.0,18.0,24.0,26.0
462,81,FELONY SEX CRIMES (3),24.0,40.0,23.0,10.0,15.0,21.0,23.0,16.0,12.0,18.0,13.0,15.0,30.0,16.0,16.0,13.0
463,81,FELONY DANGEROUS DRUGS  (1),426.0,386.0,366.0,174.0,197.0,296.0,526.0,520.0,574.0,525.0,328.0,315.0,282.0,315.0,311.0,238.0
464,81,FELONY DANGEROUS WEAPONS (2)        ,76.0,68.0,47.0,59.0,91.0,101.0,115.0,139.0,106.0,135.0,112.0,126.0,148.0,121.0,125.0,101.0
465,81,FEL. CRIMINAL MISCHIEF & RELATED OFFENSES  ,102.0,162.0,78.0,53.0,80.0,36.0,34.0,53.0,48.0,47.0,53.0,76.0,67.0,70.0,78.0,110.0
466,81,OTHER FELONIES (4),289.0,268.0,261.0,215.0,248.0,234.0,174.0,200.0,186.0,230.0,234.0,265.0,271.0,304.0,277.0,252.0
467,81,TOTAL NON-SEVEN MAJOR FELONY OFFENSES,1021.0,1026.0,844.0,599.0,774.0,862.0,996.0,1054.0,1099.0,1079.0,863.0,902.0,908.0,944.0,946.0,850.0
468,83,FELONY POSSESSION STOLEN PROPERTY            ,89.0,27.0,31.0,37.0,21.0,19.0,34.0,25.0,19.0,10.0,10.0,15.0,5.0,10.0,16.0,10.0
469,83,FORGERY/THEFT-FRAUD/IDENTITY THEFT                ,66.0,88.0,65.0,112.0,197.0,149.0,122.0,122.0,167.0,135.0,98.0,116.0,128.0,126.0,93.0,102.0
470,83,ARSON                                 ,99.0,36.0,42.0,22.0,41.0,37.0,45.0,27.0,34.0,19.0,25.0,17.0,20.0,15.0,15.0,13.0
471,83,FELONY SEX CRIMES (3),33.0,55.0,26.0,31.0,29.0,32.0,33.0,25.0,25.0,37.0,32.0,26.0,46.0,30.0,23.0,21.0
472,83,FELONY DANGEROUS DRUGS  (1),1153.0,924.0,835.0,629.0,541.0,798.0,750.0,890.0,867.0,624.0,482.0,478.0,395.0,405.0,370.0,294.0
473,83,FELONY DANGEROUS WEAPONS (2)        ,107.0,92.0,56.0,79.0,70.0,82.0,70.0,82.0,88.0,69.0,87.0,83.0,56.0,68.0,48.0,63.0
474,83,FEL. CRIMINAL MISCHIEF & RELATED OFFENSES  ,114.0,232.0,210.0,147.0,148.0,146.0,121.0,86.0,113.0,230.0,136.0,132.0,147.0,151.0,174.0,181.0
475,83,OTHER FELONIES (4),303.0,299.0,319.0,351.0,304.0,300.0,233.0,254.0,287.0,282.0,331.0,313.0,287.0,294.0,228.0,214.0
476,83,TOTAL NON-SEVEN MAJOR FELONY OFFENSES,1964.0,1753.0,1584.0,1408.0,1351.0,1563.0,1408.0,1511.0,1600.0,1406.0,1201.0,1180.0,1084.0,1099.0,967.0,898.0
477,84,FELONY POSSESSION STOLEN PROPERTY            ,12.0,15.0,8.0,13.0,14.0,9.0,9.0,12.0,15.0,8.0,5.0,9.0,10.0,4.0,17.0,10.0
478,84,FORGERY/THEFT-FRAUD/IDENTITY THEFT                ,116.0,90.0,103.0,80.0,114.0,185.0,153.0,129.0,144.0,137.0,118.0,105.0,73.0,103.0,111.0,129.0
479,84,ARSON                                 ,20.0,12.0,7.0,11.0,10.0,15.0,14.0,10.0,22.0,12.0,13.0,6.0,6.0,11.0,8.0,7.0
480,84,FELONY SEX CRIMES (3),15.0,12.0,8.0,8.0,4.0,6.0,10.0,4.0,2.0,3.0,5.0,6.0,9.0,6.0,5.0,6.0
481,84,FELONY DANGEROUS DRUGS  (1),96.0,65.0,125.0,87.0,59.0,62.0,91.0,157.0,178.0,150.0,98.0,107.0,89.0,93.0,66.0,106.0
482,84,FELONY DANGEROUS WEAPONS (2)        ,10.0,15.0,24.0,13.0,16.0,12.0,22.0,16.0,30.0,39.0,29.0,16.0,24.0,37.0,25.0,21.0
483,84,FEL. CRIMINAL MISCHIEF & RELATED OFFENSES  ,52.0,144.0,115.0,59.0,69.0,67.0,52.0,46.0,44.0,37.0,26.0,33.0,42.0,50.0,82.0,81.0
484,84,OTHER FELONIES (4),154.0,137.0,166.0,159.0,102.0,99.0,125.0,124.0,130.0,134.0,112.0,137.0,137.0,163.0,154.0,155.0
485,84,TOTAL NON-SEVEN MAJOR FELONY OFFENSES,475.0,490.0,556.0,430.0,388.0,455.0,476.0,498.0,565.0,520.0,406.0,419.0,390.0,467.0,468.0,515.0
486,88,FELONY POSSESSION STOLEN PROPERTY            ,16.0,13.0,8.0,11.0,15.0,11.0,9.0,6.0,7.0,4.0,1.0,1.0,3.0,4.0,17.0,3.0
487,88,FORGERY/THEFT-FRAUD/IDENTITY THEFT                ,74.0,44.0,55.0,48.0,99.0,120.0,80.0,110.0,119.0,74.0,80.0,63.0,56.0,48.0,71.0,77.0
488,88,ARSON                                 ,24.0,36.0,19.0,27.0,16.0,18.0,12.0,11.0,20.0,13.0,16.0,14.0,10.0,16.0,12.0,12.0
489,88,FELONY SEX CRIMES (3),15.0,19.0,16.0,10.0,11.0,10.0,4.0,11.0,7.0,9.0,5.0,9.0,9.0,3.0,9.0,7.0
490,88,FELONY DANGEROUS DRUGS  (1),207.0,219.0,146.0,115.0,107.0,140.0,281.0,349.0,255.0,191.0,109.0,105.0,138.0,110.0,77.0,94.0
491,88,FELONY DANGEROUS WEAPONS (2)        ,21.0,26.0,18.0,21.0,17.0,21.0,29.0,39.0,57.0,28.0,28.0,34.0,26.0,34.0,32.0,42.0
492,88,FEL. CRIMINAL MISCHIEF & RELATED OFFENSES  ,91.0,139.0,110.0,33.0,47.0,47.0,39.0,69.0,62.0,51.0,70.0,51.0,63.0,74.0,67.0,41.0
493,88,OTHER FELONIES (4),133.0,173.0,140.0,155.0,102.0,99.0,81.0,102.0,109.0,94.0,105.0,70.0,119.0,140.0,155.0,155.0
494,88,TOTAL NON-SEVEN MAJOR FELONY OFFENSES,581.0,669.0,512.0,420.0,414.0,466.0,535.0,697.0,636.0,464.0,414.0,347.0,424.0,429.0,440.0,431.0
495,90,FELONY POSSESSION STOLEN PROPERTY            ,17.0,18.0,15.0,19.0,16.0,10.0,15.0,7.0,12.0,8.0,10.0,9.0,4.0,6.0,17.0,8.0
496,90,FORGERY/THEFT-FRAUD/IDENTITY THEFT                ,64.0,45.0,66.0,84.0,101.0,124.0,78.0,94.0,93.0,86.0,108.0,103.0,106.0,100.0,96.0,129.0
497,90,ARSON                                 ,67.0,45.0,46.0,45.0,25.0,36.0,28.0,32.0,34.0,26.0,40.0,28.0,20.0,41.0,22.0,27.0
498,90,FELONY SEX CRIMES (3),17.0,35.0,19.0,18.0,20.0,19.0,12.0,8.0,10.0,22.0,14.0,13.0,17.0,15.0,19.0,15.0
499,90,FELONY DANGEROUS DRUGS  (1),548.0,358.0,353.0,241.0,224.0,358.0,414.0,411.0,346.0,296.0,320.0,279.0,219.0,227.0,229.0,206.0
500,90,FELONY DANGEROUS WEAPONS (2)        ,26.0,24.0,24.0,14.0,18.0,30.0,37.0,34.0,61.0,54.0,58.0,48.0,33.0,56.0,45.0,40.0
501,90,FEL. CRIMINAL MISCHIEF & RELATED OFFENSES  ,89.0,145.0,113.0,109.0,92.0,114.0,94.0,82.0,88.0,91.0,84.0,76.0,56.0,82.0,93.0,110.0
502,90,OTHER FELONIES (4),194.0,207.0,229.0,176.0,188.0,186.0,181.0,129.0,166.0,174.0,143.0,190.0,181.0,204.0,219.0,228.0
503,90,TOTAL NON-SEVEN MAJOR FELONY OFFENSES,1022.0,877.0,865.0,706.0,684.0,877.0,859.0,797.0,810.0,757.0,777.0,746.0,636.0,731.0,740.0,763.0
504,94,FELONY POSSESSION STOLEN PROPERTY            ,9.0,10.0,6.0,3.0,3.0,3.0,2.0,4.0,4.0,4.0,6.0,5.0,2.0,0.0,5.0,4.0
505,94,FORGERY/THEFT-FRAUD/IDENTITY THEFT                ,28.0,21.0,36.0,27.0,48.0,29.0,56.0,58.0,42.0,61.0,58.0,45.0,46.0,40.0,53.0,42.0
506,94,ARSON                                 ,27.0,30.0,24.0,14.0,23.0,20.0,15.0,12.0,18.0,15.0,7.0,8.0,9.0,10.0,5.0,3.0
507,94,FELONY SEX CRIMES (3),5.0,7.0,4.0,3.0,7.0,1.0,2.0,3.0,1.0,5.0,0.0,3.0,8.0,7.0,5.0,4.0
508,94,FELONY DANGEROUS DRUGS  (1),43.0,40.0,50.0,30.0,34.0,35.0,62.0,88.0,122.0,141.0,107.0,52.0,79.0,74.0,48.0,79.0
509,94,FELONY DANGEROUS WEAPONS (2)        ,8.0,3.0,3.0,3.0,2.0,3.0,4.0,8.0,7.0,24.0,28.0,15.0,21.0,9.0,14.0,11.0
510,94,FEL. CRIMINAL MISCHIEF & RELATED OFFENSES  ,139.0,159.0,133.0,120.0,121.0,109.0,110.0,78.0,71.0,95.0,115.0,118.0,96.0,135.0,134.0,69.0
511,94,OTHER FELONIES (4),49.0,36.0,31.0,35.0,42.0,45.0,31.0,46.0,56.0,51.0,67.0,66.0,77.0,104.0,83.0,64.0
512,94,TOTAL NON-SEVEN MAJOR FELONY OFFENSES,308.0,306.0,287.0,235.0,280.0,245.0,282.0,297.0,321.0,396.0,388.0,312.0,338.0,379.0,347.0,276.0
513,100,FELONY POSSESSION STOLEN PROPERTY            ,6.0,4.0,11.0,6.0,3.0,5.0,3.0,0.0,4.0,4.0,4.0,1.0,2.0,1.0,3.0,2.0
514,100,FORGERY/THEFT-FRAUD/IDENTITY THEFT                ,4.0,16.0,14.0,25.0,38.0,43.0,29.0,51.0,66.0,51.0,86.0,77.0,103.0,65.0,56.0,51.0
515,100,ARSON                                 ,21.0,19.0,17.0,8.0,14.0,7.0,4.0,10.0,13.0,13.0,7.0,5.0,5.0,5.0,4.0,5.0
516,100,FELONY SEX CRIMES (3),26.0,15.0,10.0,9.0,12.0,9.0,11.0,5.0,2.0,2.0,8.0,4.0,6.0,4.0,4.0,5.0
517,100,FELONY DANGEROUS DRUGS  (1),64.0,46.0,58.0,82.0,113.0,100.0,54.0,129.0,97.0,85.0,80.0,67.0,60.0,53.0,48.0,63.0
518,100,FELONY DANGEROUS WEAPONS (2)        ,11.0,6.0,7.0,17.0,17.0,22.0,17.0,11.0,19.0,34.0,28.0,30.0,24.0,28.0,22.0,44.0
519,100,FEL. CRIMINAL MISCHIEF & RELATED OFFENSES  ,52.0,92.0,99.0,88.0,88.0,70.0,93.0,50.0,58.0,57.0,51.0,80.0,87.0,47.0,74.0,107.0
520,100,OTHER FELONIES (4),38.0,37.0,56.0,109.0,93.0,117.0,94.0,99.0,115.0,147.0,124.0,123.0,141.0,131.0,207.0,211.0
521,100,TOTAL NON-SEVEN MAJOR FELONY OFFENSES,222.0,235.0,272.0,344.0,378.0,373.0,305.0,355.0,374.0,393.0,388.0,387.0,428.0,334.0,418.0,488.0
522,101,FELONY POSSESSION STOLEN PROPERTY            ,9.0,12.0,21.0,11.0,12.0,10.0,9.0,5.0,7.0,3.0,12.0,4.0,6.0,5.0,4.0,10.0
523,101,FORGERY/THEFT-FRAUD/IDENTITY THEFT                ,18.0,14.0,19.0,44.0,72.0,65.0,58.0,71.0,37.0,33.0,45.0,42.0,39.0,42.0,58.0,75.0
524,101,ARSON                                 ,39.0,36.0,21.0,10.0,9.0,23.0,16.0,10.0,19.0,17.0,22.0,18.0,13.0,14.0,14.0,10.0
525,101,FELONY SEX CRIMES (3),28.0,23.0,21.0,13.0,11.0,14.0,11.0,8.0,11.0,6.0,7.0,3.0,12.0,10.0,10.0,9.0
526,101,FELONY DANGEROUS DRUGS  (1),319.0,213.0,198.0,191.0,219.0,213.0,280.0,313.0,266.0,176.0,175.0,149.0,85.0,98.0,111.0,129.0
527,101,FELONY DANGEROUS WEAPONS (2)        ,40.0,33.0,34.0,27.0,41.0,54.0,62.0,87.0,71.0,95.0,111.0,90.0,113.0,116.0,100.0,128.0
528,101,FEL. CRIMINAL MISCHIEF & RELATED OFFENSES  ,91.0,126.0,145.0,99.0,107.0,156.0,88.0,42.0,30.0,28.0,37.0,61.0,53.0,64.0,81.0,98.0
529,101,OTHER FELONIES (4),159.0,150.0,134.0,103.0,118.0,123.0,136.0,114.0,113.0,127.0,158.0,212.0,214.0,269.0,336.0,365.0
530,101,TOTAL NON-SEVEN MAJOR FELONY OFFENSES,703.0,607.0,593.0,498.0,589.0,658.0,660.0,650.0,554.0,485.0,567.0,579.0,535.0,618.0,714.0,824.0
531,102,FELONY POSSESSION STOLEN PROPERTY            ,35.0,30.0,40.0,11.0,16.0,17.0,17.0,13.0,11.0,13.0,5.0,6.0,5.0,6.0,6.0,6.0
532,102,FORGERY/THEFT-FRAUD/IDENTITY THEFT                ,37.0,45.0,54.0,93.0,161.0,111.0,131.0,130.0,139.0,135.0,121.0,109.0,100.0,79.0,67.0,71.0
533,102,ARSON                                 ,56.0,47.0,23.0,23.0,40.0,22.0,24.0,19.0,30.0,18.0,19.0,13.0,13.0,13.0,10.0,12.0
534,102,FELONY SEX CRIMES (3),30.0,31.0,35.0,22.0,23.0,10.0,11.0,15.0,12.0,23.0,12.0,10.0,17.0,11.0,13.0,16.0
535,102,FELONY DANGEROUS DRUGS  (1),151.0,96.0,100.0,72.0,166.0,154.0,145.0,192.0,207.0,165.0,146.0,122.0,124.0,168.0,122.0,115.0
536,102,FELONY DANGEROUS WEAPONS (2)        ,24.0,22.0,32.0,17.0,8.0,33.0,41.0,56.0,88.0,134.0,132.0,113.0,89.0,114.0,32.0,38.0
537,102,FEL. CRIMINAL MISCHIEF & RELATED OFFENSES  ,88.0,82.0,68.0,127.0,58.0,67.0,90.0,74.0,118.0,80.0,45.0,47.0,68.0,89.0,73.0,126.0
538,102,OTHER FELONIES (4),278.0,237.0,241.0,232.0,240.0,191.0,197.0,178.0,203.0,210.0,223.0,203.0,213.0,249.0,242.0,280.0
539,102,TOTAL NON-SEVEN MAJOR FELONY OFFENSES,699.0,590.0,593.0,597.0,712.0,605.0,656.0,677.0,808.0,778.0,703.0,623.0,629.0,729.0,565.0,664.0
540,103,FELONY POSSESSION STOLEN PROPERTY            ,42.0,26.0,19.0,21.0,24.0,16.0,24.0,11.0,33.0,16.0,20.0,21.0,11.0,15.0,20.0,16.0
541,103,FORGERY/THEFT-FRAUD/IDENTITY THEFT                ,85.0,73.0,61.0,106.0,126.0,156.0,194.0,164.0,214.0,206.0,204.0,225.0,205.0,281.0,247.0,240.0
542,103,ARSON                                 ,53.0,51.0,30.0,22.0,23.0,29.0,25.0,21.0,26.0,23.0,24.0,28.0,24.0,17.0,19.0,21.0
543,103,FELONY SEX CRIMES (3),35.0,36.0,20.0,15.0,16.0,22.0,17.0,11.0,14.0,17.0,18.0,14.0,18.0,15.0,21.0,19.0
544,103,FELONY DANGEROUS DRUGS  (1),761.0,468.0,361.0,290.0,387.0,459.0,402.0,417.0,467.0,358.0,279.0,269.0,332.0,385.0,300.0,325.0
545,103,FELONY DANGEROUS WEAPONS (2)        ,39.0,43.0,51.0,47.0,48.0,80.0,88.0,105.0,110.0,135.0,184.0,148.0,188.0,374.0,218.0,182.0
546,103,FEL. CRIMINAL MISCHIEF & RELATED OFFENSES  ,264.0,283.0,298.0,153.0,164.0,163.0,100.0,84.0,93.0,96.0,107.0,167.0,217.0,170.0,171.0,143.0
547,103,OTHER FELONIES (4),148.0,165.0,129.0,159.0,158.0,147.0,183.0,195.0,185.0,224.0,296.0,212.0,245.0,295.0,288.0,315.0
548,103,TOTAL NON-SEVEN MAJOR FELONY OFFENSES,1427.0,1145.0,969.0,813.0,946.0,1072.0,1033.0,1008.0,1142.0,1075.0,1132.0,1084.0,1240.0,1552.0,1284.0,1261.0
549,104,FELONY POSSESSION STOLEN PROPERTY            ,24.0,15.0,26.0,12.0,15.0,10.0,15.0,5.0,2.0,10.0,12.0,5.0,6.0,5.0,18.0,19.0
550,104,FORGERY/THEFT-FRAUD/IDENTITY THEFT                ,27.0,27.0,45.0,40.0,99.0,132.0,186.0,105.0,148.0,145.0,147.0,188.0,179.0,145.0,107.0,81.0
551,104,ARSON                                 ,51.0,45.0,37.0,22.0,29.0,25.0,18.0,24.0,22.0,31.0,7.0,17.0,18.0,8.0,14.0,6.0
552,104,FELONY SEX CRIMES (3),24.0,28.0,29.0,13.0,12.0,18.0,16.0,10.0,11.0,10.0,5.0,14.0,12.0,14.0,17.0,10.0
553,104,FELONY DANGEROUS DRUGS  (1),259.0,237.0,214.0,230.0,348.0,410.0,494.0,381.0,277.0,280.0,318.0,250.0,272.0,214.0,180.0,172.0
554,104,FELONY DANGEROUS WEAPONS (2)        ,15.0,23.0,37.0,41.0,62.0,71.0,97.0,60.0,25.0,29.0,51.0,48.0,33.0,26.0,29.0,33.0
555,104,FEL. CRIMINAL MISCHIEF & RELATED OFFENSES  ,258.0,262.0,411.0,287.0,239.0,184.0,146.0,169.0,148.0,122.0,160.0,93.0,133.0,143.0,129.0,138.0
556,104,OTHER FELONIES (4),97.0,83.0,87.0,60.0,72.0,84.0,130.0,104.0,83.0,137.0,114.0,95.0,128.0,190.0,228.0,181.0
557,104,TOTAL NON-SEVEN MAJOR FELONY OFFENSES,755.0,720.0,886.0,705.0,876.0,934.0,1102.0,858.0,716.0,764.0,814.0,710.0,781.0,745.0,722.0,640.0
558,105,FELONY POSSESSION STOLEN PROPERTY            ,39.0,33.0,32.0,37.0,31.0,35.0,25.0,25.0,4.0,20.0,27.0,20.0,13.0,15.0,11.0,18.0
559,105,FORGERY/THEFT-FRAUD/IDENTITY THEFT                ,64.0,67.0,61.0,84.0,128.0,203.0,177.0,144.0,160.0,125.0,169.0,195.0,181.0,143.0,213.0,258.0
560,105,ARSON                                 ,56.0,52.0,38.0,19.0,34.0,27.0,26.0,34.0,29.0,26.0,24.0,22.0,23.0,8.0,13.0,14.0
561,105,FELONY SEX CRIMES (3),26.0,34.0,33.0,27.0,19.0,16.0,21.0,17.0,21.0,12.0,17.0,10.0,20.0,19.0,13.0,17.0
562,105,FELONY DANGEROUS DRUGS  (1),164.0,109.0,108.0,108.0,203.0,189.0,321.0,223.0,187.0,168.0,172.0,181.0,199.0,183.0,183.0,129.0
563,105,FELONY DANGEROUS WEAPONS (2)        ,30.0,33.0,28.0,40.0,39.0,57.0,70.0,49.0,66.0,94.0,85.0,106.0,86.0,70.0,76.0,82.0
564,105,FEL. CRIMINAL MISCHIEF & RELATED OFFENSES  ,315.0,476.0,436.0,297.0,203.0,321.0,284.0,313.0,215.0,235.0,227.0,320.0,282.0,282.0,310.0,314.0
565,105,OTHER FELONIES (4),166.0,177.0,162.0,198.0,229.0,205.0,226.0,228.0,224.0,208.0,230.0,239.0,231.0,267.0,298.0,326.0
566,105,TOTAL NON-SEVEN MAJOR FELONY OFFENSES,860.0,981.0,898.0,810.0,886.0,1053.0,1150.0,1033.0,906.0,888.0,951.0,1093.0,1035.0,987.0,1117.0,1158.0
567,106,FELONY POSSESSION STOLEN PROPERTY            ,32.0,14.0,23.0,9.0,9.0,10.0,8.0,10.0,5.0,6.0,9.0,9.0,12.0,9.0,13.0,10.0
568,106,FORGERY/THEFT-FRAUD/IDENTITY THEFT                ,28.0,26.0,26.0,91.0,140.0,133.0,89.0,119.0,113.0,115.0,115.0,111.0,129.0,90.0,96.0,105.0
569,106,ARSON                                 ,56.0,65.0,45.0,22.0,34.0,36.0,31.0,23.0,38.0,21.0,21.0,22.0,19.0,19.0,28.0,10.0
570,106,FELONY SEX CRIMES (3),26.0,11.0,20.0,16.0,13.0,18.0,10.0,12.0,12.0,8.0,7.0,15.0,12.0,12.0,7.0,9.0
571,106,FELONY DANGEROUS DRUGS  (1),125.0,74.0,75.0,93.0,154.0,176.0,189.0,281.0,156.0,118.0,136.0,119.0,105.0,170.0,152.0,148.0
572,106,FELONY DANGEROUS WEAPONS (2)        ,17.0,25.0,29.0,9.0,11.0,32.0,45.0,71.0,78.0,90.0,62.0,66.0,32.0,47.0,31.0,38.0
573,106,FEL. CRIMINAL MISCHIEF & RELATED OFFENSES  ,363.0,372.0,324.0,167.0,209.0,161.0,184.0,248.0,189.0,153.0,146.0,131.0,195.0,214.0,293.0,330.0
574,106,OTHER FELONIES (4),106.0,120.0,83.0,97.0,128.0,96.0,125.0,145.0,141.0,183.0,185.0,154.0,149.0,182.0,157.0,174.0
575,106,TOTAL NON-SEVEN MAJOR FELONY OFFENSES,753.0,707.0,625.0,504.0,698.0,662.0,681.0,909.0,732.0,694.0,681.0,627.0,653.0,743.0,777.0,824.0
576,107,FELONY POSSESSION STOLEN PROPERTY            ,13.0,9.0,8.0,3.0,11.0,6.0,19.0,7.0,13.0,4.0,6.0,5.0,3.0,5.0,10.0,2.0
577,107,FORGERY/THEFT-FRAUD/IDENTITY THEFT                ,50.0,24.0,21.0,89.0,130.0,104.0,119.0,58.0,117.0,89.0,114.0,90.0,95.0,68.0,65.0,86.0
578,107,ARSON                                 ,39.0,29.0,12.0,18.0,13.0,16.0,7.0,8.0,14.0,8.0,12.0,12.0,18.0,7.0,7.0,3.0
579,107,FELONY SEX CRIMES (3),22.0,17.0,15.0,14.0,12.0,16.0,10.0,4.0,8.0,7.0,7.0,7.0,16.0,15.0,10.0,8.0
580,107,FELONY DANGEROUS DRUGS  (1),36.0,42.0,35.0,47.0,44.0,68.0,89.0,89.0,85.0,73.0,77.0,85.0,70.0,77.0,78.0,54.0
581,107,FELONY DANGEROUS WEAPONS (2)        ,18.0,16.0,14.0,10.0,9.0,17.0,54.0,34.0,14.0,24.0,27.0,27.0,42.0,29.0,31.0,18.0
582,107,FEL. CRIMINAL MISCHIEF & RELATED OFFENSES  ,157.0,175.0,260.0,128.0,172.0,193.0,204.0,162.0,120.0,120.0,113.0,113.0,101.0,96.0,106.0,127.0
583,107,OTHER FELONIES (4),84.0,71.0,75.0,89.0,92.0,100.0,98.0,85.0,97.0,66.0,80.0,78.0,81.0,104.0,126.0,121.0
584,107,TOTAL NON-SEVEN MAJOR FELONY OFFENSES,419.0,383.0,440.0,398.0,483.0,520.0,600.0,447.0,468.0,391.0,436.0,417.0,426.0,401.0,433.0,419.0
585,108,FELONY POSSESSION STOLEN PROPERTY            ,12.0,13.0,15.0,13.0,10.0,10.0,7.0,6.0,6.0,6.0,4.0,7.0,4.0,10.0,1.0,4.0
586,108,FORGERY/THEFT-FRAUD/IDENTITY THEFT                ,66.0,62.0,49.0,80.0,272.0,192.0,187.0,154.0,144.0,97.0,154.0,117.0,111.0,92.0,90.0,95.0
587,108,ARSON                                 ,51.0,26.0,27.0,19.0,17.0,18.0,10.0,13.0,17.0,12.0,11.0,8.0,7.0,12.0,5.0,5.0
588,108,FELONY SEX CRIMES (3),19.0,17.0,21.0,6.0,13.0,14.0,8.0,7.0,9.0,13.0,9.0,9.0,10.0,9.0,12.0,15.0
589,108,FELONY DANGEROUS DRUGS  (1),88.0,61.0,49.0,46.0,88.0,97.0,90.0,110.0,57.0,65.0,75.0,90.0,50.0,60.0,44.0,54.0
590,108,FELONY DANGEROUS WEAPONS (2)        ,14.0,11.0,7.0,9.0,13.0,12.0,15.0,9.0,13.0,19.0,20.0,11.0,8.0,8.0,16.0,10.0
591,108,FEL. CRIMINAL MISCHIEF & RELATED OFFENSES  ,152.0,174.0,224.0,105.0,81.0,75.0,66.0,71.0,69.0,55.0,59.0,63.0,77.0,125.0,125.0,167.0
592,108,OTHER FELONIES (4),96.0,89.0,89.0,94.0,67.0,83.0,69.0,116.0,96.0,76.0,76.0,77.0,112.0,120.0,104.0,105.0
593,108,TOTAL NON-SEVEN MAJOR FELONY OFFENSES,498.0,453.0,481.0,372.0,561.0,501.0,452.0,486.0,411.0,343.0,408.0,382.0,379.0,436.0,397.0,455.0
594,109,FELONY POSSESSION STOLEN PROPERTY            ,10.0,10.0,16.0,11.0,11.0,11.0,10.0,13.0,11.0,9.0,4.0,4.0,4.0,13.0,13.0,4.0
595,109,FORGERY/THEFT-FRAUD/IDENTITY THEFT                ,93.0,60.0,68.0,118.0,177.0,220.0,197.0,172.0,206.0,169.0,131.0,154.0,153.0,103.0,95.0,135.0
596,109,ARSON                                 ,54.0,55.0,43.0,35.0,34.0,25.0,21.0,16.0,23.0,20.0,19.0,14.0,23.0,23.0,12.0,6.0
597,109,FELONY SEX CRIMES (3),19.0,26.0,21.0,12.0,20.0,15.0,9.0,8.0,7.0,13.0,11.0,16.0,23.0,12.0,24.0,19.0
598,109,FELONY DANGEROUS DRUGS  (1),127.0,101.0,101.0,129.0,141.0,205.0,194.0,104.0,99.0,148.0,192.0,165.0,225.0,256.0,157.0,179.0
599,109,FELONY DANGEROUS WEAPONS (2)        ,22.0,18.0,16.0,16.0,26.0,22.0,29.0,38.0,26.0,39.0,32.0,21.0,29.0,21.0,16.0,21.0
600,109,FEL. CRIMINAL MISCHIEF & RELATED OFFENSES  ,442.0,561.0,461.0,326.0,237.0,211.0,220.0,254.0,241.0,269.0,268.0,237.0,203.0,213.0,231.0,230.0
601,109,OTHER FELONIES (4),138.0,103.0,91.0,148.0,134.0,111.0,156.0,148.0,152.0,192.0,174.0,179.0,189.0,239.0,248.0,259.0
602,109,TOTAL NON-SEVEN MAJOR FELONY OFFENSES,905.0,934.0,817.0,795.0,780.0,820.0,836.0,753.0,765.0,859.0,831.0,790.0,849.0,880.0,796.0,853.0
603,110,FELONY POSSESSION STOLEN PROPERTY            ,22.0,26.0,23.0,15.0,20.0,19.0,8.0,12.0,8.0,1.0,5.0,9.0,18.0,28.0,3.0,7.0
604,110,FORGERY/THEFT-FRAUD/IDENTITY THEFT                ,137.0,112.0,151.0,141.0,205.0,212.0,210.0,211.0,153.0,146.0,166.0,100.0,175.0,182.0,153.0,87.0
605,110,ARSON                                 ,25.0,33.0,15.0,10.0,22.0,16.0,24.0,22.0,33.0,11.0,16.0,15.0,6.0,7.0,20.0,17.0
606,110,FELONY SEX CRIMES (3),28.0,34.0,24.0,22.0,19.0,17.0,18.0,14.0,17.0,16.0,8.0,24.0,16.0,17.0,18.0,19.0
607,110,FELONY DANGEROUS DRUGS  (1),262.0,160.0,167.0,124.0,165.0,133.0,196.0,157.0,143.0,96.0,104.0,139.0,95.0,130.0,111.0,127.0
608,110,FELONY DANGEROUS WEAPONS (2)        ,17.0,16.0,22.0,27.0,24.0,30.0,26.0,32.0,28.0,28.0,42.0,44.0,29.0,17.0,17.0,22.0
609,110,FEL. CRIMINAL MISCHIEF & RELATED OFFENSES  ,105.0,140.0,183.0,86.0,95.0,68.0,72.0,75.0,82.0,66.0,69.0,107.0,106.0,126.0,181.0,154.0
610,110,OTHER FELONIES (4),112.0,92.0,93.0,107.0,105.0,93.0,81.0,114.0,94.0,77.0,96.0,120.0,132.0,121.0,153.0,145.0
611,110,TOTAL NON-SEVEN MAJOR FELONY OFFENSES,708.0,613.0,678.0,532.0,655.0,588.0,635.0,637.0,558.0,441.0,506.0,558.0,577.0,628.0,656.0,578.0
612,111,FELONY POSSESSION STOLEN PROPERTY            ,6.0,14.0,7.0,6.0,3.0,5.0,5.0,2.0,2.0,2.0,5.0,2.0,2.0,3.0,3.0,3.0
613,111,FORGERY/THEFT-FRAUD/IDENTITY THEFT                ,16.0,25.0,26.0,52.0,90.0,124.0,154.0,126.0,104.0,117.0,134.0,109.0,122.0,86.0,63.0,76.0
614,111,ARSON                                 ,14.0,14.0,8.0,4.0,5.0,14.0,3.0,4.0,12.0,7.0,2.0,5.0,4.0,1.0,2.0,2.0
615,111,FELONY SEX CRIMES (3),10.0,7.0,10.0,3.0,5.0,5.0,1.0,5.0,2.0,4.0,4.0,2.0,1.0,5.0,4.0,3.0
616,111,FELONY DANGEROUS DRUGS  (1),36.0,39.0,46.0,37.0,24.0,26.0,43.0,37.0,44.0,36.0,50.0,36.0,43.0,26.0,37.0,51.0
617,111,FELONY DANGEROUS WEAPONS (2)        ,2.0,14.0,6.0,9.0,2.0,11.0,16.0,9.0,9.0,23.0,6.0,8.0,4.0,5.0,4.0,5.0
618,111,FEL. CRIMINAL MISCHIEF & RELATED OFFENSES  ,139.0,211.0,174.0,87.0,58.0,93.0,121.0,87.0,58.0,54.0,57.0,84.0,90.0,190.0,129.0,154.0
619,111,OTHER FELONIES (4),56.0,48.0,60.0,81.0,81.0,57.0,78.0,43.0,60.0,50.0,77.0,73.0,59.0,63.0,49.0,57.0
620,111,TOTAL NON-SEVEN MAJOR FELONY OFFENSES,279.0,372.0,337.0,279.0,268.0,335.0,421.0,313.0,291.0,293.0,335.0,319.0,325.0,379.0,291.0,351.0
621,112,FELONY POSSESSION STOLEN PROPERTY            ,3.0,11.0,5.0,6.0,7.0,1.0,3.0,9.0,4.0,3.0,4.0,4.0,4.0,4.0,4.0,2.0
622,112,FORGERY/THEFT-FRAUD/IDENTITY THEFT                ,72.0,44.0,86.0,141.0,137.0,102.0,103.0,63.0,109.0,89.0,114.0,70.0,107.0,93.0,79.0,80.0
623,112,ARSON                                 ,4.0,13.0,9.0,6.0,7.0,6.0,23.0,13.0,6.0,5.0,3.0,0.0,6.0,3.0,6.0,9.0
624,112,FELONY SEX CRIMES (3),5.0,5.0,11.0,8.0,9.0,6.0,4.0,5.0,3.0,1.0,1.0,3.0,7.0,7.0,7.0,7.0
625,112,FELONY DANGEROUS DRUGS  (1),22.0,20.0,44.0,27.0,29.0,26.0,54.0,52.0,57.0,75.0,43.0,51.0,33.0,40.0,24.0,24.0
626,112,FELONY DANGEROUS WEAPONS (2)        ,2.0,2.0,7.0,4.0,10.0,5.0,9.0,8.0,3.0,6.0,2.0,3.0,2.0,7.0,4.0,9.0
627,112,FEL. CRIMINAL MISCHIEF & RELATED OFFENSES  ,87.0,112.0,90.0,46.0,34.0,49.0,37.0,31.0,30.0,46.0,37.0,26.0,58.0,58.0,53.0,68.0
628,112,OTHER FELONIES (4),58.0,46.0,43.0,56.0,49.0,48.0,45.0,50.0,50.0,35.0,39.0,46.0,44.0,41.0,54.0,61.0
629,112,TOTAL NON-SEVEN MAJOR FELONY OFFENSES,253.0,253.0,295.0,294.0,282.0,243.0,278.0,231.0,262.0,260.0,243.0,203.0,261.0,253.0,231.0,260.0
630,113,FELONY POSSESSION STOLEN PROPERTY            ,100.0,79.0,68.0,64.0,56.0,36.0,25.0,35.0,28.0,32.0,43.0,53.0,70.0,43.0,25.0,46.0
631,113,FORGERY/THEFT-FRAUD/IDENTITY THEFT                ,71.0,78.0,109.0,125.0,152.0,119.0,153.0,189.0,216.0,230.0,250.0,204.0,232.0,235.0,283.0,234.0
632,113,ARSON                                 ,41.0,52.0,39.0,22.0,20.0,20.0,23.0,31.0,27.0,16.0,23.0,21.0,17.0,30.0,17.0,18.0
633,113,FELONY SEX CRIMES (3),36.0,33.0,33.0,23.0,14.0,15.0,23.0,26.0,10.0,7.0,18.0,13.0,16.0,13.0,22.0,11.0
634,113,FELONY DANGEROUS DRUGS  (1),525.0,384.0,400.0,274.0,354.0,436.0,444.0,471.0,345.0,307.0,255.0,327.0,263.0,261.0,257.0,233.0
635,113,FELONY DANGEROUS WEAPONS (2)        ,104.0,79.0,108.0,78.0,80.0,135.0,115.0,136.0,163.0,208.0,201.0,236.0,250.0,237.0,222.0,140.0
636,113,FEL. CRIMINAL MISCHIEF & RELATED OFFENSES  ,307.0,289.0,238.0,156.0,184.0,191.0,178.0,106.0,96.0,91.0,161.0,150.0,217.0,228.0,205.0,225.0
637,113,OTHER FELONIES (4),207.0,198.0,232.0,243.0,194.0,250.0,200.0,299.0,358.0,332.0,406.0,369.0,415.0,486.0,539.0,462.0
638,113,TOTAL NON-SEVEN MAJOR FELONY OFFENSES,1391.0,1192.0,1227.0,985.0,1054.0,1202.0,1161.0,1293.0,1243.0,1223.0,1357.0,1373.0,1480.0,1533.0,1570.0,1369.0
639,114,FELONY POSSESSION STOLEN PROPERTY            ,27.0,19.0,30.0,13.0,19.0,15.0,16.0,22.0,15.0,15.0,10.0,9.0,9.0,8.0,5.0,9.0
640,114,FORGERY/THEFT-FRAUD/IDENTITY THEFT                ,53.0,78.0,66.0,110.0,209.0,245.0,250.0,293.0,195.0,149.0,109.0,128.0,152.0,157.0,146.0,135.0
641,114,ARSON                                 ,57.0,47.0,35.0,17.0,38.0,24.0,18.0,21.0,18.0,25.0,12.0,10.0,17.0,14.0,10.0,9.0
642,114,FELONY SEX CRIMES (3),39.0,28.0,28.0,22.0,14.0,20.0,19.0,14.0,8.0,9.0,23.0,14.0,23.0,24.0,20.0,22.0
643,114,FELONY DANGEROUS DRUGS  (1),469.0,229.0,264.0,191.0,234.0,278.0,318.0,354.0,259.0,280.0,190.0,207.0,231.0,299.0,239.0,231.0
644,114,FELONY DANGEROUS WEAPONS (2)        ,30.0,24.0,37.0,27.0,36.0,53.0,72.0,77.0,66.0,83.0,65.0,59.0,71.0,76.0,104.0,73.0
645,114,FEL. CRIMINAL MISCHIEF & RELATED OFFENSES  ,263.0,304.0,304.0,103.0,131.0,147.0,121.0,123.0,117.0,139.0,147.0,242.0,178.0,150.0,235.0,213.0
646,114,OTHER FELONIES (4),168.0,143.0,186.0,154.0,138.0,187.0,185.0,247.0,189.0,195.0,195.0,237.0,270.0,249.0,332.0,320.0
647,114,TOTAL NON-SEVEN MAJOR FELONY OFFENSES,1106.0,872.0,950.0,637.0,819.0,969.0,999.0,1151.0,867.0,895.0,751.0,906.0,951.0,977.0,1091.0,1012.0
648,115,FELONY POSSESSION STOLEN PROPERTY            ,25.0,22.0,20.0,25.0,20.0,13.0,18.0,18.0,24.0,13.0,21.0,17.0,11.0,19.0,11.0,8.0
649,115,FORGERY/THEFT-FRAUD/IDENTITY THEFT                ,138.0,133.0,83.0,145.0,325.0,458.0,324.0,339.0,417.0,334.0,289.0,222.0,246.0,222.0,197.0,165.0
650,115,ARSON                                 ,28.0,30.0,11.0,12.0,12.0,13.0,15.0,8.0,15.0,10.0,13.0,9.0,8.0,5.0,5.0,5.0
651,115,FELONY SEX CRIMES (3),22.0,28.0,29.0,11.0,16.0,15.0,22.0,13.0,24.0,26.0,24.0,21.0,32.0,22.0,13.0,29.0
652,115,FELONY DANGEROUS DRUGS  (1),381.0,233.0,255.0,233.0,245.0,234.0,305.0,195.0,218.0,276.0,227.0,189.0,160.0,212.0,177.0,196.0
653,115,FELONY DANGEROUS WEAPONS (2)        ,35.0,19.0,37.0,28.0,39.0,62.0,54.0,53.0,45.0,45.0,34.0,39.0,65.0,92.0,61.0,73.0
654,115,FEL. CRIMINAL MISCHIEF & RELATED OFFENSES  ,82.0,131.0,114.0,100.0,62.0,106.0,119.0,150.0,169.0,135.0,139.0,116.0,152.0,167.0,220.0,197.0
655,115,OTHER FELONIES (4),127.0,132.0,125.0,123.0,134.0,140.0,145.0,148.0,161.0,159.0,156.0,156.0,136.0,183.0,261.0,193.0
656,115,TOTAL NON-SEVEN MAJOR FELONY OFFENSES,838.0,728.0,674.0,677.0,853.0,1041.0,1002.0,924.0,1073.0,998.0,903.0,769.0,810.0,922.0,945.0,866.0
657,120,FELONY POSSESSION STOLEN PROPERTY            ,27.0,21.0,22.0,19.0,7.0,14.0,13.0,8.0,11.0,7.0,10.0,5.0,10.0,6.0,5.0,8.0
658,120,FORGERY/THEFT-FRAUD/IDENTITY THEFT                ,99.0,76.0,135.0,162.0,175.0,174.0,200.0,204.0,169.0,171.0,205.0,222.0,182.0,97.0,63.0,97.0
659,120,ARSON                                 ,92.0,55.0,70.0,43.0,62.0,56.0,61.0,47.0,67.0,38.0,50.0,34.0,42.0,44.0,22.0,24.0
660,120,FELONY SEX CRIMES (3),35.0,30.0,17.0,17.0,27.0,17.0,32.0,36.0,27.0,37.0,50.0,28.0,24.0,27.0,18.0,21.0
661,120,FELONY DANGEROUS DRUGS  (1),1378.0,837.0,604.0,394.0,444.0,718.0,889.0,854.0,723.0,717.0,609.0,474.0,348.0,307.0,233.0,231.0
662,120,FELONY DANGEROUS WEAPONS (2)        ,48.0,48.0,27.0,30.0,47.0,43.0,103.0,87.0,125.0,132.0,154.0,150.0,130.0,83.0,49.0,51.0
663,120,FEL. CRIMINAL MISCHIEF & RELATED OFFENSES  ,501.0,375.0,375.0,291.0,264.0,261.0,301.0,277.0,257.0,196.0,165.0,243.0,173.0,153.0,140.0,133.0
664,120,OTHER FELONIES (4),205.0,187.0,262.0,256.0,221.0,216.0,208.0,229.0,229.0,233.0,195.0,204.0,201.0,181.0,169.0,195.0
665,120,TOTAL NON-SEVEN MAJOR FELONY OFFENSES,2385.0,1629.0,1512.0,1212.0,1247.0,1499.0,1807.0,1742.0,1608.0,1531.0,1438.0,1360.0,1110.0,898.0,699.0,760.0
675,122,FELONY POSSESSION STOLEN PROPERTY            ,10.0,8.0,12.0,12.0,8.0,8.0,15.0,6.0,5.0,7.0,6.0,9.0,3.0,4.0,4.0,7.0
676,122,FORGERY/THEFT-FRAUD/IDENTITY THEFT                ,65.0,67.0,90.0,150.0,308.0,202.0,265.0,231.0,219.0,235.0,222.0,213.0,203.0,159.0,116.0,100.0
677,122,ARSON                                 ,51.0,40.0,44.0,25.0,47.0,39.0,41.0,22.0,48.0,28.0,24.0,21.0,25.0,17.0,13.0,9.0
678,122,FELONY SEX CRIMES (3),13.0,7.0,13.0,4.0,9.0,5.0,11.0,21.0,13.0,11.0,9.0,11.0,17.0,14.0,9.0,7.0
679,122,FELONY DANGEROUS DRUGS  (1),150.0,127.0,157.0,115.0,126.0,100.0,197.0,228.0,271.0,267.0,224.0,237.0,227.0,201.0,139.0,89.0
680,122,FELONY DANGEROUS WEAPONS (2)        ,13.0,14.0,5.0,8.0,12.0,11.0,17.0,19.0,36.0,34.0,48.0,53.0,57.0,45.0,19.0,14.0
681,122,FEL. CRIMINAL MISCHIEF & RELATED OFFENSES  ,531.0,470.0,398.0,287.0,254.0,254.0,139.0,108.0,133.0,104.0,99.0,130.0,127.0,133.0,102.0,180.0
682,122,OTHER FELONIES (4),158.0,171.0,209.0,166.0,172.0,144.0,146.0,157.0,148.0,150.0,136.0,138.0,186.0,156.0,201.0,216.0
683,122,TOTAL NON-SEVEN MAJOR FELONY OFFENSES,991.0,904.0,928.0,767.0,936.0,763.0,831.0,792.0,873.0,836.0,768.0,812.0,845.0,729.0,603.0,622.0
684,123,FELONY POSSESSION STOLEN PROPERTY            ,2.0,3.0,5.0,9.0,3.0,2.0,10.0,2.0,4.0,1.0,0.0,0.0,1.0,1.0,1.0,5.0
685,123,FORGERY/THEFT-FRAUD/IDENTITY THEFT                ,8.0,17.0,29.0,63.0,134.0,62.0,98.0,85.0,106.0,111.0,103.0,95.0,77.0,69.0,98.0,84.0
686,123,ARSON                                 ,26.0,9.0,16.0,9.0,34.0,14.0,19.0,11.0,19.0,6.0,11.0,7.0,8.0,9.0,8.0,5.0
687,123,FELONY SEX CRIMES (3),10.0,4.0,6.0,9.0,3.0,1.0,4.0,5.0,4.0,5.0,5.0,2.0,8.0,4.0,3.0,3.0
688,123,FELONY DANGEROUS DRUGS  (1),39.0,32.0,41.0,36.0,38.0,35.0,87.0,63.0,100.0,97.0,60.0,69.0,76.0,122.0,150.0,116.0
689,123,FELONY DANGEROUS WEAPONS (2)        ,2.0,2.0,4.0,4.0,6.0,6.0,6.0,14.0,11.0,16.0,6.0,6.0,7.0,13.0,11.0,8.0
690,123,FEL. CRIMINAL MISCHIEF & RELATED OFFENSES  ,160.0,170.0,223.0,253.0,210.0,196.0,206.0,144.0,136.0,96.0,90.0,104.0,80.0,102.0,98.0,104.0
691,123,OTHER FELONIES (4),77.0,48.0,64.0,42.0,45.0,50.0,37.0,37.0,42.0,35.0,57.0,30.0,36.0,41.0,49.0,51.0
692,123,TOTAL NON-SEVEN MAJOR FELONY OFFENSES,324.0,285.0,388.0,425.0,473.0,366.0,467.0,361.0,422.0,367.0,332.0,313.0,293.0,361.0,418.0,376.0
